NV,Center_Name,NV JobConnect/Carson City,Website,https://nevadajobconnect.com/,Google_Maps_Link,"https://www.google.com/maps/dir//1929+North+Carson+Street,Carson+City,NV+89701",Address,"1929 North Carson Street
Carson City, NV 89701",Phone,775-684-0400,Type of Office,Affiliate One Stops,Office Level,Local,Veterans Employment Representative,Yes,Veterans Representative #1 Phone,775-684-0456,Veterans Representative #2 Phone,775-684-0482,Business Representative Name,Paulina Adrian,Business Representative Phone,775-684-0440,Parking Availability,,Public Transit Access,yes,UI Filing Assistance Online Available,Yes,UI Filing Assistance from Staff Available,Yes,Telephones,Yes,Fax Machines,Yes,On-site Childcare,No,Video Viewing Stations,Yes,Rooms where employers can interview job seekers,Yes,Career Resource Room,Yes,Copy Machine,Yes,Personal Computers,Yes,Internet Access,Yes,Post your resume for employers to see,Yes,Get help in preparing for job interviews,Yes,Learn about strategies for finding a job,Yes,Find out how to get a work permit,No,"Find out about job openings (including work experience, internships and community service)",Yes,Get help preparing your resume,Yes,Improve your current job skills,Yes,Learn about the world of business,Yes,Learn new job skills,Yes,Improve your English skills (ESL),Yes,"Improve your reading, writing and math skills",Yes,Get information about schools and training programs,Yes,Prepare for a high school equivalency (HSE) exam,Yes,Learn about financial aid for training,No,Get help finding child care,No,Get help with living expenses while in training,No,Get information about employers in your local area,Yes,Assess your reading and math skills,Yes,Learn about jobs and careers suitable for you,Yes,Learn about what employers expect of their workers,Yes,Assess your career interests and skills,Yes,Learn about jobs in demand and rates of pay,Yes,Find out about summer learning opportunities,Yes,Get help in finding a summer job,Yes,Get outplacement services for employees you are laying off,Yes,"Get information on employment, wage and salary trends",Yes,Receive information on the Work Opportunity Tax Credit and other hiring incentives,Yes,Learn about legal requirements for hiring and firing workers,No,Learn about EEO and ADA requirements,No,Get your employee training needs analyzed,No,Learn about Unemployment Insurance taxes and eligibility rules,No,Get training costs reimbursed for qualified job candidates,Yes,Develop programs to train new workers for your business,No,Get help in analyzing and writing job descriptions,Yes,Learn how to interview job applicants effectively,No,Learn about strategies for recruiting workers,Yes,Have job applicants` skills tested,Yes,Get job applicants pre-screened,Yes,Get access to resumes posted by job applicants,Yes,Post your job openings,Yes,Have background checks conducted on job applicants,No,Use on-site facilities for recruiting and interviewing job applicants,Yes
NV,Center_Name,Nevada JobConnect/Elko,Website,https://nevadajobconnect.com/,Google_Maps_Link,"https://www.google.com/maps/dir//172+S.+Sixth+Street,Elko,NV+89801",Address,"172 S. Sixth Street
Elko, NV 89801",Phone,775-753-1900,Type of Office,Affiliate One Stops,Office Level,Local,Veterans Employment Representative,Yes,Veterans Representative #1 Phone,775-752-1907,Veterans Rep. #1 E-mail Address,cbminard@detr.nv.gov,Business Representative Name,John Schifer,Business Representative Email,j-schifer@detr.nv.gov,Business Representative Phone,775-753-1904,Parking Availability,,Public Transit Access,,UI Filing Assistance Online Available,Yes,UI Filing Assistance from Staff Available,Yes,Telephones,Yes,Fax Machines,Yes,On-site Childcare,No,Video Viewing Stations,No,Rooms where employers can interview job seekers,Yes,Career Resource Room,Yes,Copy Machine,Yes,Personal Computers,Yes,Internet Access,Yes,Post your resume for employers to see,Yes,Get help in preparing for job interviews,Yes,Learn about strategies for finding a job,Yes,Find out how to get a work permit,Yes,"Find out about job openings (including work experience, internships and community service)",Yes,Get help preparing your resume,Yes,Improve your current job skills,Yes,Learn about the world of business,Yes,Learn new job skills,Yes,Improve your English skills (ESL),Yes,"Improve your reading, writing and math skills",Yes,Get information about schools and training programs,Yes,Prepare for a high school equivalency (HSE) exam,Yes,Learn about financial aid for training,Yes,Get help finding child care,Yes,Get help with living expenses while in training,Yes,Get information about employers in your local area,Yes,Assess your reading and math skills,Yes,Learn about jobs and careers suitable for you,Yes,Learn about what employers expect of their workers,Yes,Assess your career interests and skills,Yes,Learn about jobs in demand and rates of pay,Yes,Find out about summer learning opportunities,Yes,Get help in finding a summer job,Yes,Get outplacement services for employees you are laying off,Yes,"Get information on employment, wage and salary trends",Yes,Receive information on the Work Opportunity Tax Credit and other hiring incentives,Yes,Learn about legal requirements for hiring and firing workers,No,Learn about EEO and ADA requirements,No,Get your employee training needs analyzed,No,Learn about Unemployment Insurance taxes and eligibility rules,No,Get training costs reimbursed for qualified job candidates,Yes,Develop programs to train new workers for your business,Yes,Get help in analyzing and writing job descriptions,Yes,Learn how to interview job applicants effectively,No,Learn about strategies for recruiting workers,Yes,Have job applicants` skills tested,Yes,Get job applicants pre-screened,Yes,Get access to resumes posted by job applicants,Yes,Post your job openings,Yes,Have background checks conducted on job applicants,No,Use on-site facilities for recruiting and interviewing job applicants,Yes
NV,Center_Name,NV JobConnect/Ely,Website,https://nevadajobconnect.com/,Google_Maps_Link,"https://www.google.com/maps/dir//1500+Avenue+F,Ely,NV+89301",Address,"1500 Avenue F
Suite 1
Ely, NV 89301",Phone,775-289-1616,E-mail Address,cmhanner@detr.nv.gov,Type of Office,Affiliate One Stops,Office Level,Local,Veterans Employment Representative,Yes,Veterans Representative #1 Phone,775-753-1907,Veterans Rep. #1 E-mail Address,cbminard@detr.nv.gov,Business Representative Name,John Schifer,Business Representative Email,j-schifer@detr.nv.gov,Business Representative Phone,775-753-1904,Parking Availability,,Public Transit Access,,UI Filing Assistance Online Available,Yes,UI Filing Assistance from Staff Available,Yes,Telephones,Yes,Fax Machines,Yes,On-site Childcare,No,Video Viewing Stations,Yes,Rooms where employers can interview job seekers,Yes,Career Resource Room,Yes,Copy Machine,Yes,Personal Computers,Yes,Internet Access,Yes,Post your resume for employers to see,Yes,Get help in preparing for job interviews,Yes,Learn about strategies for finding a job,Yes,Find out how to get a work permit,Yes,"Find out about job openings (including work experience, internships and community service)",Yes,Get help preparing your resume,Yes,Improve your current job skills,Yes,Learn about the world of business,Yes,Learn new job skills,Yes,Improve your English skills (ESL),Yes,"Improve your reading, writing and math skills",Yes,Get information about schools and training programs,Yes,Prepare for a high school equivalency (HSE) exam,Yes,Learn about financial aid for training,Yes,Get help finding child care,Yes,Get help with living expenses while in training,Yes,Get information about employers in your local area,Yes,Assess your reading and math skills,Yes,Learn about jobs and careers suitable for you,Yes,Learn about what employers expect of their workers,Yes,Assess your career interests and skills,Yes,Learn about jobs in demand and rates of pay,Yes,Find out about summer learning opportunities,Yes,Get help in finding a summer job,Yes,Get outplacement services for employees you are laying off,Yes,"Get information on employment, wage and salary trends",Yes,Receive information on the Work Opportunity Tax Credit and other hiring incentives,Yes,Learn about legal requirements for hiring and firing workers,No,Learn about EEO and ADA requirements,No,Get your employee training needs analyzed,No,Learn about Unemployment Insurance taxes and eligibility rules,No,Get training costs reimbursed for qualified job candidates,Yes,Develop programs to train new workers for your business,Yes,Get help in analyzing and writing job descriptions,Yes,Learn how to interview job applicants effectively,No,Learn about strategies for recruiting workers,Yes,Have job applicants` skills tested,Yes,Get job applicants pre-screened,Yes,Get access to resumes posted by job applicants,Yes,Post your job openings,Yes,Have background checks conducted on job applicants,No,Use on-site facilities for recruiting and interviewing job applicants,Yes
NV,Center_Name,NV JobConnect/Fallon,Website,https://nevadajobconnect.com/,Google_Maps_Link,"https://www.google.com/maps/dir//121+Industrial+Way,Fallon,NV+89406",Address,"121 Industrial Way
Fallon, NV 89406",Phone,775-423-5115,E-mail Address,amcase@detr.nv.gov,Type of Office,Affiliate One Stops,Office Level,Local,Veterans Employment Representative,Yes,Veterans Representative #1 Phone,775-423-5115,Veterans Rep. #1 E-mail Address,rdfairbanks@detr.nv.gov,Veterans Representative #2 Phone,775-423-5115,Veterans Rep. #2 E-mail Address,d-herring@detr.nv.gov,Business Representative Name,Dawn Moteberg,Business Representative Email,dnmoteberg@detr.nv.gov,Business Representative Phone,775-423-5115,Parking Availability,,Public Transit Access,,UI Filing Assistance Online Available,Yes,UI Filing Assistance from Staff Available,Yes,Telephones,Yes,Fax Machines,Yes,On-site Childcare,No,Video Viewing Stations,Yes,Rooms where employers can interview job seekers,Yes,Career Resource Room,Yes,Copy Machine,Yes,Personal Computers,Yes,Internet Access,Yes,Post your resume for employers to see,Yes,Get help in preparing for job interviews,Yes,Learn about strategies for finding a job,Yes,Find out how to get a work permit,Yes,"Find out about job openings (including work experience, internships and community service)",Yes,Get help preparing your resume,Yes,Improve your current job skills,Yes,Learn about the world of business,Yes,Learn new job skills,Yes,Improve your English skills (ESL),Yes,"Improve your reading, writing and math skills",Yes,Get information about schools and training programs,Yes,Prepare for a high school equivalency (HSE) exam,Yes,Learn about financial aid for training,No,Get help finding child care,No,Get help with living expenses while in training,No,Get information about employers in your local area,Yes,Assess your reading and math skills,Yes,Learn about jobs and careers suitable for you,Yes,Learn about what employers expect of their workers,Yes,Assess your career interests and skills,Yes,Learn about jobs in demand and rates of pay,Yes,Find out about summer learning opportunities,Yes,Get help in finding a summer job,Yes,Get outplacement services for employees you are laying off,Yes,"Get information on employment, wage and salary trends",Yes,Receive information on the Work Opportunity Tax Credit and other hiring incentives,Yes,Learn about legal requirements for hiring and firing workers,Yes,Learn about EEO and ADA requirements,Yes,Get your employee training needs analyzed,Yes,Learn about Unemployment Insurance taxes and eligibility rules,Yes,Get training costs reimbursed for qualified job candidates,Yes,Develop programs to train new workers for your business,Yes,Get help in analyzing and writing job descriptions,Yes,Learn how to interview job applicants effectively,Yes,Learn about strategies for recruiting workers,Yes,Have job applicants` skills tested,Yes,Get job applicants pre-screened,Yes,Get access to resumes posted by job applicants,Yes,Post your job openings,Yes,Have background checks conducted on job applicants,No,Use on-site facilities for recruiting and interviewing job applicants,Yes
NV,Center_Name,Henderson Job Connect,Website,https://nevadajobconnect.com/,Google_Maps_Link,"https://www.google.com/maps/dir//4500++East+Sunset+Road,Henderson,NV+89014",Address,"4500 East Sunset Road
Suite 40
Henderson, NV 89014",Phone,702-486-0300,Type of Office,Affiliate One Stops,Office Level,Local,Veterans Employment Representative,Yes,Veterans Representative #1 Phone,702-486-0312,Veterans Rep. #1 E-mail Address,regibson@detr.nv.gov,Veterans Representative #2 Phone,702-486-0308,Veterans Rep. #2 E-mail Address,k-harness@detr.nv.gov,Parking Availability,On street and behind the building,Public Transit Access,On city bus line,UI Filing Assistance Online Available,Yes,UI Filing Assistance from Staff Available,Yes,Telephones,Yes,Fax Machines,Yes,On-site Childcare,No,Video Viewing Stations,No,Rooms where employers can interview job seekers,No,Career Resource Room,Yes,Copy Machine,Yes,Personal Computers,Yes,Internet Access,Yes,Post your resume for employers to see,Yes,Get help in preparing for job interviews,No,Learn about strategies for finding a job,No,Find out how to get a work permit,No,"Find out about job openings (including work experience, internships and community service)",No,Get help preparing your resume,No,Improve your current job skills,No,Learn about the world of business,No,Learn new job skills,No,Improve your English skills (ESL),No,"Improve your reading, writing and math skills",No,Get information about schools and training programs,Yes,Prepare for a high school equivalency (HSE) exam,Yes,Learn about financial aid for training,No,Get help finding child care,No,Get help with living expenses while in training,No,Get information about employers in your local area,Yes,Assess your reading and math skills,No,Learn about jobs and careers suitable for you,Yes,Learn about what employers expect of their workers,Yes,Assess your career interests and skills,Yes,Learn about jobs in demand and rates of pay,Yes,Find out about summer learning opportunities,No,Get help in finding a summer job,Yes,Get outplacement services for employees you are laying off,Yes,"Get information on employment, wage and salary trends",No,Receive information on the Work Opportunity Tax Credit and other hiring incentives,No,Learn about legal requirements for hiring and firing workers,No,Learn about EEO and ADA requirements,No,Get your employee training needs analyzed,No,Learn about Unemployment Insurance taxes and eligibility rules,No,Get training costs reimbursed for qualified job candidates,Yes,Develop programs to train new workers for your business,No,Get help in analyzing and writing job descriptions,No,Learn how to interview job applicants effectively,No,Learn about strategies for recruiting workers,No,Have job applicants` skills tested,No,Get job applicants pre-screened,Yes,Get access to resumes posted by job applicants,No,Post your job openings,No,Have background checks conducted on job applicants,No,Use on-site facilities for recruiting and interviewing job applicants,No
NV,Center_Name,,Website,,Google_Maps_Link,"https://www.google.com/maps/dir//3405+S+Maryland+Parkway,Las+Vegas,NV+89169",Address,"3405 S Maryland Parkway
Las Vegas, NV 89169",Phone,702-486-0100,Type of Office,Comprehensive One-Stop Career Centers,Office Level,Local,Veterans Employment Representative,Yes,Veterans Representative #1 Phone,702-486-0110/702-486-0175/702-486-0156,Veterans Rep. #1 E-mail Address,tambler@detr.nv.gov; jejennings@detr.nv.gov; ddphipps@detr.nv.gov;,Veterans Representative #2 Phone,702-486-2977,Veterans Rep. #2 E-mail Address,vltippitt@detr.nv.gov,Business Representative Name,"Latonya Wells, Business Services Mgr",Business Representative Email,lrwells@detr.nv.gov,Business Representative Phone,702-486-2873,Parking Availability,yes,Public Transit Access,City bus line,UI Filing Assistance Online Available,Yes,UI Filing Assistance from Staff Available,Yes,Career Resource Room,Yes,Telephones,Yes,Fax Machines,Yes,Copy Machine,Yes,On-site Childcare,No,Internet Access,Yes,Video Viewing Stations,Yes,Rooms where employers can interview job seekers,Yes,Personal Computers,Yes,Find out how to get a work permit,Yes,Learn about strategies for finding a job,Yes,Get help in preparing for job interviews,Yes,Get help preparing your resume,Yes,"Find out about job openings (including work experience, internships and community service)",Yes,Post your resume for employers to see,Yes,Learn new job skills,Yes,Prepare for a high school equivalency (HSE) exam,Yes,"Improve your reading, writing and math skills",Yes,Improve your English skills (ESL),Yes,Learn about the world of business,Yes,Improve your current job skills,Yes,Get information about schools and training programs,Yes,Get help finding child care,Yes,Get help with living expenses while in training,Yes,Learn about financial aid for training,Yes,Get information about employers in your local area,Yes,Learn about what employers expect of their workers,Yes,Assess your career interests,Yes,Learn about jobs and careers suitable for you,Yes,Learn about jobs in demand and rates of pay,Yes,Assess your reading and math skills,Yes,Get help in finding a summer job,Yes,Find out about summer learning opportunities,Yes,Learn about EEO and ADA requirements,Yes,"Get information on employment, wage and salary trends",Yes,Receive information on the Work Opportunity Tax Credit and other hiring incentives,Yes,Get your employee training needs analyzed,No,Get outplacement services for employees you are laying off,Yes,Learn about legal requirements for hiring and firing workers,Yes,Learn about Unemployment Insurance taxes and eligibility rules,Yes,Post your job openings,Yes,Get access to resumes posted by job applicants,Yes,Get training costs reimbursed for qualified job candidates,Yes,Develop programs to train new workers for your business,No,Get help in analyzing and writing job descriptions,Yes,Learn how to interview job applicants effectively,No,Learn about strategies for recruiting workers,No,Have background checks conducted on job applicants,No,Have job applicants` skills tested,Yes,Use on-site facilities for recruiting and interviewing job applicants,Yes,Get job applicants pre-screened,Yes
NV,Center_Name,One Stop Career Center,Website,https://www.nvcareercenter.org/,Google_Maps_Link,"https://www.google.com/maps/dir//6330+W+Charleston+Blvd,Las+Vegas,NV+89146",Address,"6330 W Charleston Blvd
Suite 190
Las Vegas, NV 89146",Phone,702-822-4200,Type of Office,Comprehensive One-Stop Career Centers,Office Level,Local,Veterans Employment Representative,No,Parking Availability,,Public Transit Access,,UI Filing Assistance Online Available,Yes,UI Filing Assistance from Staff Available,No,Career Resource Room,Yes,Telephones,Yes,Fax Machines,Yes,Copy Machine,Yes,On-site Childcare,No,Internet Access,Yes,Video Viewing Stations,No,Rooms where employers can interview job seekers,Yes,Personal Computers,No,Find out how to get a work permit,No,Learn about strategies for finding a job,Yes,Get help in preparing for job interviews,No,Get help preparing your resume,Yes,"Find out about job openings (including work experience, internships and community service)",No,Post your resume for employers to see,Yes,Learn new job skills,Yes,Prepare for a high school equivalency (HSE) exam,Yes,"Improve your reading, writing and math skills",No,Improve your English skills (ESL),No,Learn about the world of business,No,Improve your current job skills,Yes,Get information about schools and training programs,Yes,Get help finding child care,Yes,Get help with living expenses while in training,Yes,Learn about financial aid for training,Yes,Get information about employers in your local area,No,Learn about what employers expect of their workers,No,Assess your career interests,No,Learn about jobs and careers suitable for you,No,Learn about jobs in demand and rates of pay,No,Assess your reading and math skills,No,Get help in finding a summer job,No,Find out about summer learning opportunities,No,Learn about EEO and ADA requirements,No,"Get information on employment, wage and salary trends",Yes,Receive information on the Work Opportunity Tax Credit and other hiring incentives,No,Get your employee training needs analyzed,Yes,Get outplacement services for employees you are laying off,No,Learn about legal requirements for hiring and firing workers,No,Learn about Unemployment Insurance taxes and eligibility rules,No,Post your job openings,Yes,Get access to resumes posted by job applicants,Yes,Get training costs reimbursed for qualified job candidates,Yes,Develop programs to train new workers for your business,Yes,Get help in analyzing and writing job descriptions,Yes,Learn how to interview job applicants effectively,Yes,Learn about strategies for recruiting workers,Yes,Have background checks conducted on job applicants,No,Have job applicants` skills tested,Yes,Use on-site facilities for recruiting and interviewing job applicants,Yes,Get job applicants pre-screened,Yes
NV,Center_Name,Nevada Job Connect North Las Vegas,Website,https://nevadajobconnect.com/,Google_Maps_Link,"https://www.google.com/maps/dir//2827+Las+Vegas+Boulevard+North,North+Las+Vegas,NV+89030",Address,"2827 Las Vegas Boulevard North
North Las Vegas, NV 89030",Phone,702-486-0200,Type of Office,Comprehensive One-Stop Career Centers,Office Level,Local,Veterans Employment Representative,Yes,Veterans Representative #1 Phone,702-486-7284 and 702-486-0211,Veterans Rep. #1 E-mail Address,c-shingles@detr.nv.gov; dcmaxon@detr.nv.gov,Veterans Representative #2 Phone,702-486-2977,Veterans Rep. #2 E-mail Address,vltippitt@detr.nv.gov,Business Representative Name,"Latonya Wells, Business Services Manager",Business Representative Email,lrwells@detr.nv.gov,Business Representative Phone,702-486-2873,Parking Availability,"yes ,we have a parking lot",Public Transit Access,,UI Filing Assistance Online Available,Yes,UI Filing Assistance from Staff Available,Yes,Career Resource Room,Yes,Telephones,Yes,Fax Machines,Yes,Copy Machine,Yes,On-site Childcare,No,Internet Access,Yes,Video Viewing Stations,Yes,Rooms where employers can interview job seekers,Yes,Personal Computers,Yes,Find out how to get a work permit,Yes,Learn about strategies for finding a job,Yes,Get help in preparing for job interviews,Yes,Get help preparing your resume,Yes,"Find out about job openings (including work experience, internships and community service)",Yes,Post your resume for employers to see,Yes,Learn new job skills,No,Prepare for a high school equivalency (HSE) exam,Yes,"Improve your reading, writing and math skills",No,Improve your English skills (ESL),No,Learn about the world of business,No,Improve your current job skills,Yes,Get information about schools and training programs,Yes,Get help finding child care,Yes,Get help with living expenses while in training,Yes,Learn about financial aid for training,Yes,Get information about employers in your local area,Yes,Learn about what employers expect of their workers,Yes,Assess your career interests,Yes,Learn about jobs and careers suitable for you,Yes,Learn about jobs in demand and rates of pay,Yes,Assess your reading and math skills,Yes,Get help in finding a summer job,Yes,Find out about summer learning opportunities,Yes,Learn about EEO and ADA requirements,Yes,"Get information on employment, wage and salary trends",Yes,Receive information on the Work Opportunity Tax Credit and other hiring incentives,Yes,Get your employee training needs analyzed,Yes,Get outplacement services for employees you are laying off,Yes,Learn about legal requirements for hiring and firing workers,Yes,Learn about Unemployment Insurance taxes and eligibility rules,Yes,Post your job openings,Yes,Get access to resumes posted by job applicants,Yes,Get training costs reimbursed for qualified job candidates,Yes,Develop programs to train new workers for your business,Yes,Get help in analyzing and writing job descriptions,No,Learn how to interview job applicants effectively,No,Learn about strategies for recruiting workers,No,Have background checks conducted on job applicants,No,Have job applicants` skills tested,Yes,Use on-site facilities for recruiting and interviewing job applicants,Yes,Get job applicants pre-screened,Yes
NV,Center_Name,NyE Communities Coalition,Website,https://nyecc.org/workforce-development/,Google_Maps_Link,"https://www.google.com/maps/dir//1020+E+Wilson+Rd,Pahrump,NV+89048",Address,"1020 E Wilson Rd
Pahrump, NV 89048",Phone,775-727-9970,E-mail Address,info@nyecc.org,Type of Office,Affiliate One Stops,Office Level,Local,UI Filing Assistance Online Available,No,UI Filing Assistance from Staff Available,No,Telephones,Yes,Fax Machines,Yes,On-site Childcare,No,Video Viewing Stations,Yes,Rooms where employers can interview job seekers,Yes,Career Resource Room,Yes,Copy Machine,Yes,Personal Computers,No,Internet Access,Yes,Post your resume for employers to see,Yes,Get help in preparing for job interviews,Yes,Learn about strategies for finding a job,Yes,Find out how to get a work permit,Yes,"Find out about job openings (including work experience, internships and community service)",Yes,Get help preparing your resume,Yes,Improve your current job skills,Yes,Learn about the world of business,Yes,Learn new job skills,Yes,Improve your English skills (ESL),No,"Improve your reading, writing and math skills",Yes,Get information about schools and training programs,Yes,Prepare for a high school equivalency (HSE) exam,Yes,Learn about financial aid for training,No,Get help finding child care,No,Get help with living expenses while in training,No,Get information about employers in your local area,Yes,Assess your reading and math skills,No,Learn about jobs and careers suitable for you,No,Learn about what employers expect of their workers,Yes,Assess your career interests and skills,No,Learn about jobs in demand and rates of pay,No,Find out about summer learning opportunities,No,Get help in finding a summer job,No,Get outplacement services for employees you are laying off,No,"Get information on employment, wage and salary trends",No,Receive information on the Work Opportunity Tax Credit and other hiring incentives,No,Learn about legal requirements for hiring and firing workers,No,Learn about EEO and ADA requirements,No,Get your employee training needs analyzed,No,Learn about Unemployment Insurance taxes and eligibility rules,No,Get training costs reimbursed for qualified job candidates,No,Develop programs to train new workers for your business,No,Get help in analyzing and writing job descriptions,No,Learn how to interview job applicants effectively,Yes,Learn about strategies for recruiting workers,Yes,Have job applicants` skills tested,No,Get job applicants pre-screened,Yes,Get access to resumes posted by job applicants,Yes,Post your job openings,Yes,Have background checks conducted on job applicants,No,Use on-site facilities for recruiting and interviewing job applicants,Yes
NV,Center_Name,American Job Center of Nevada - Reno,Website,https://nevadajobconnect.com/,Google_Maps_Link,"https://www.google.com/maps/dir//4001+South+Virginia+Street,Reno,NV+89502",Address,"4001 South Virginia Street
Suite 11 and H
Reno, NV 89502",Phone,775-284-9600,Type of Office,Comprehensive One-Stop Career Centers,Office Level,Local,Veterans Employment Representative,Yes,Veterans Representative #1 Phone,775-284-9638,Veterans Rep. #1 E-mail Address,aleaton@detr.nv.gov,Business Representative Name,"John Parel, Business Services Manager",Business Representative Email,jsparel@nvdetr.org,Business Representative Phone,775-284-9634,Parking Availability,,Public Transit Access,On city bus line,Language  Capability,English and Spanish,UI Filing Assistance Online Available,Yes,UI Filing Assistance from Staff Available,Yes,Career Resource Room,Yes,Telephones,Yes,Fax Machines,Yes,Copy Machine,Yes,On-site Childcare,No,Internet Access,Yes,Video Viewing Stations,Yes,Rooms where employers can interview job seekers,Yes,Personal Computers,Yes,Find out how to get a work permit,Yes,Learn about strategies for finding a job,Yes,Get help in preparing for job interviews,Yes,Get help preparing your resume,Yes,"Find out about job openings (including work experience, internships and community service)",Yes,Post your resume for employers to see,Yes,Learn new job skills,Yes,Prepare for a high school equivalency (HSE) exam,Yes,"Improve your reading, writing and math skills",Yes,Improve your English skills (ESL),Yes,Learn about the world of business,Yes,Improve your current job skills,Yes,Get information about schools and training programs,Yes,Get help finding child care,Yes,Get help with living expenses while in training,Yes,Learn about financial aid for training,Yes,Get information about employers in your local area,Yes,Learn about what employers expect of their workers,Yes,Assess your career interests,Yes,Learn about jobs and careers suitable for you,Yes,Learn about jobs in demand and rates of pay,Yes,Assess your reading and math skills,Yes,Get help in finding a summer job,Yes,Find out about summer learning opportunities,Yes,Learn about EEO and ADA requirements,Yes,"Get information on employment, wage and salary trends",Yes,Receive information on the Work Opportunity Tax Credit and other hiring incentives,Yes,Get your employee training needs analyzed,Yes,Get outplacement services for employees you are laying off,Yes,Learn about legal requirements for hiring and firing workers,Yes,Learn about Unemployment Insurance taxes and eligibility rules,Yes,Post your job openings,Yes,Get access to resumes posted by job applicants,Yes,Get training costs reimbursed for qualified job candidates,Yes,Develop programs to train new workers for your business,Yes,Get help in analyzing and writing job descriptions,Yes,Learn how to interview job applicants effectively,Yes,Learn about strategies for recruiting workers,Yes,Have background checks conducted on job applicants,No,Have job applicants` skills tested,Yes,Use on-site facilities for recruiting and interviewing job applicants,Yes,Get job applicants pre-screened,Yes
NV,Center_Name,,Website,https://www.csareno.org/Employment-Assistance-and-Training,Google_Maps_Link,"https://www.google.com/maps/dir//1090+East+8th+Street,Reno,NV+89512",Address,"1090 East 8th Street
PO Box 10167, Reno, NV 89510
Reno, NV 89512",Phone,775-786-6023,E-mail Address,info@csareno.org,Type of Office,Affiliate One Stops,Office Level,Local,Veterans Employment Representative,No,Parking Availability,,UI Filing Assistance Online Available,No,UI Filing Assistance from Staff Available,No,Telephones,No,Fax Machines,No,On-site Childcare,No,Video Viewing Stations,No,Rooms where employers can interview job seekers,No,Career Resource Room,Yes,Copy Machine,No,Personal Computers,No,Internet Access,No,Post your resume for employers to see,Yes,Get help in preparing for job interviews,Yes,Learn about strategies for finding a job,Yes,Find out how to get a work permit,No,"Find out about job openings (including work experience, internships and community service)",Yes,Get help preparing your resume,Yes,Improve your current job skills,Yes,Learn about the world of business,No,Learn new job skills,Yes,Improve your English skills (ESL),No,"Improve your reading, writing and math skills",No,Get information about schools and training programs,No,Prepare for a high school equivalency (HSE) exam,No,Learn about financial aid for training,No,Get help finding child care,No,Get help with living expenses while in training,No,Get information about employers in your local area,No,Assess your reading and math skills,No,Learn about jobs and careers suitable for you,No,Learn about what employers expect of their workers,No,Assess your career interests and skills,No,Learn about jobs in demand and rates of pay,No,Find out about summer learning opportunities,No,Get help in finding a summer job,No,Get outplacement services for employees you are laying off,No,"Get information on employment, wage and salary trends",No,Receive information on the Work Opportunity Tax Credit and other hiring incentives,No,Learn about legal requirements for hiring and firing workers,No,Learn about EEO and ADA requirements,No,Get your employee training needs analyzed,No,Learn about Unemployment Insurance taxes and eligibility rules,No,Get training costs reimbursed for qualified job candidates,No,Develop programs to train new workers for your business,No,Get help in analyzing and writing job descriptions,No,Learn how to interview job applicants effectively,No,Learn about strategies for recruiting workers,No,Have job applicants` skills tested,No,Get job applicants pre-screened,No,Get access to resumes posted by job applicants,Yes,Post your job openings,Yes,Have background checks conducted on job applicants,No,Use on-site facilities for recruiting and interviewing job applicants,No
NV,Center_Name,,Website,,Google_Maps_Link,"https://www.google.com/maps/dir//2281+Pyramid+Way,Sparks,NV+89431",Address,,Phone,,Type of Office,Affiliate One Stops,Office Level,Local,Veterans Employment Representative,Yes,Veterans Representative #1 Phone,775-284-9563,Veterans Rep. #1 E-mail Address,j-henle@detr.nv.gov,Veterans Representative #2 Phone,775-284-9545,Veterans Rep. #2 E-mail Address,pacortez@detr.nv.gov,Parking Availability,,Public Transit Access,,UI Filing Assistance Online Available,Yes,UI Filing Assistance from Staff Available,Yes,Telephones,Yes,Fax Machines,Yes,On-site Childcare,Yes,Video Viewing Stations,Yes,Rooms where employers can interview job seekers,Yes,Career Resource Room,Yes,Copy Machine,Yes,Personal Computers,Yes,Internet Access,Yes,Post your resume for employers to see,Yes,Get help in preparing for job interviews,Yes,Learn about strategies for finding a job,Yes,Find out how to get a work permit,Yes,"Find out about job openings (including work experience, internships and community service)",Yes,Get help preparing your resume,Yes,Improve your current job skills,Yes,Learn about the world of business,Yes,Learn new job skills,Yes,Improve your English skills (ESL),Yes,"Improve your reading, writing and math skills",Yes,Get information about schools and training programs,Yes,Prepare for a high school equivalency (HSE) exam,Yes,Learn about financial aid for training,Yes,Get help finding child care,Yes,Get help with living expenses while in training,Yes,Get information about employers in your local area,Yes,Assess your reading and math skills,Yes,Learn about jobs and careers suitable for you,Yes,Learn about what employers expect of their workers,Yes,Assess your career interests and skills,Yes,Learn about jobs in demand and rates of pay,Yes,Find out about summer learning opportunities,Yes,Get help in finding a summer job,Yes,Get outplacement services for employees you are laying off,Yes,"Get information on employment, wage and salary trends",Yes,Receive information on the Work Opportunity Tax Credit and other hiring incentives,Yes,Learn about legal requirements for hiring and firing workers,Yes,Learn about EEO and ADA requirements,Yes,Get your employee training needs analyzed,Yes,Learn about Unemployment Insurance taxes and eligibility rules,Yes,Get training costs reimbursed for qualified job candidates,Yes,Develop programs to train new workers for your business,Yes,Get help in analyzing and writing job descriptions,Yes,Learn how to interview job applicants effectively,Yes,Learn about strategies for recruiting workers,Yes,Have job applicants` skills tested,Yes,Get job applicants pre-screened,Yes,Get access to resumes posted by job applicants,Yes,Post your job openings,Yes,Have background checks conducted on job applicants,No,Use on-site facilities for recruiting and interviewing job applicants,Yes
NV,Center_Name,,Website,,Google_Maps_Link,"https://www.google.com/maps/dir//475+W.+Haskell+Street,Winnemucca,NV+89445",Address,,Phone,,E-mail Address,amcase@detr.nv.gov,Type of Office,Affiliate One Stops,Office Level,Local,Veterans Employment Representative,Yes,Veterans Representative #1 Phone,775-423-5115,Veterans Rep. #1 E-mail Address,rdfairbanks@detr.nv.gov,Veterans Representative #2 Phone,775-423-5115,Veterans Rep. #2 E-mail Address,d-herring@detr.nv.gov,Business Representative Name,Victoria Browning,Business Representative Email,vlbrowning@detr.nv.gov,Business Representative Phone,775-623-6520,Parking Availability,,Public Transit Access,yes,UI Filing Assistance Online Available,Yes,UI Filing Assistance from Staff Available,Yes,Telephones,Yes,Fax Machines,Yes,On-site Childcare,No,Video Viewing Stations,No,Rooms where employers can interview job seekers,Yes,Career Resource Room,Yes,Copy Machine,Yes,Personal Computers,Yes,Internet Access,Yes,Post your resume for employers to see,Yes,Get help in preparing for job interviews,Yes,Learn about strategies for finding a job,Yes,Find out how to get a work permit,Yes,"Find out about job openings (including work experience, internships and community service)",Yes,Get help preparing your resume,Yes,Improve your current job skills,Yes,Learn about the world of business,Yes,Learn new job skills,Yes,Improve your English skills (ESL),Yes,"Improve your reading, writing and math skills",Yes,Get information about schools and training programs,Yes,Prepare for a high school equivalency (HSE) exam,Yes,Learn about financial aid for training,No,Get help finding child care,No,Get help with living expenses while in training,No,Get information about employers in your local area,Yes,Assess your reading and math skills,No,Learn about jobs and careers suitable for you,Yes,Learn about what employers expect of their workers,Yes,Assess your career interests and skills,Yes,Learn about jobs in demand and rates of pay,Yes,Find out about summer learning opportunities,No,Get help in finding a summer job,Yes,Get outplacement services for employees you are laying off,Yes,"Get information on employment, wage and salary trends",Yes,Receive information on the Work Opportunity Tax Credit and other hiring incentives,Yes,Learn about legal requirements for hiring and firing workers,No,Learn about EEO and ADA requirements,No,Get your employee training needs analyzed,No,Learn about Unemployment Insurance taxes and eligibility rules,No,Get training costs reimbursed for qualified job candidates,Yes,Develop programs to train new workers for your business,Yes,Get help in analyzing and writing job descriptions,Yes,Learn how to interview job applicants effectively,Yes,Learn about strategies for recruiting workers,Yes,Have job applicants` skills tested,No,Get job applicants pre-screened,Yes,Get access to resumes posted by job applicants,Yes,Post your job openings,Yes,Have background checks conducted on job applicants,No,Use on-site facilities for recruiting and interviewing job applicants,Yes
