PR,Center_Name,Centro de Gestion Unica Laboral Noroeste,Website,http://www.odlnoroeste.com/,Google_Maps_Link,,Address,"Carr. #2, Bo. Corrales, Km. 122.5
P.O Box 992
Aguadilla, PR 00605",Phone,787-819-1501,E-mail Address,sstirado@cnoroeste.com,Type of Office,Comprehensive One-Stop Career Centers,Office Level,Federal,Veterans Employment Representative,No,UI Filing Assistance Online Available,No,UI Filing Assistance from Staff Available,No,Career Resource Room,Yes,Telephones,Yes,Fax Machines,Yes,Copy Machine,Yes,On-site Childcare,Yes,Internet Access,Yes,Video Viewing Stations,Yes,Rooms where employers can interview job seekers,Yes,Personal Computers,Yes,Find out how to get a work permit,Yes,Learn about strategies for finding a job,Yes,Get help in preparing for job interviews,Yes,Get help preparing your resume,Yes,"Find out about job openings (including work experience, internships and community service)",Yes,Post your resume for employers to see,Yes,Learn new job skills,Yes,Prepare for a high school equivalency (HSE) exam,Yes,"Improve your reading, writing and math skills",Yes,Improve your English skills (ESL),Yes,Learn about the world of business,Yes,Improve your current job skills,Yes,Get information about schools and training programs,Yes,Get help finding child care,Yes,Get help with living expenses while in training,Yes,Learn about financial aid for training,Yes,Get information about employers in your local area,Yes,Learn about what employers expect of their workers,Yes,Assess your career interests,Yes,Learn about jobs and careers suitable for you,Yes,Learn about jobs in demand and rates of pay,Yes,Assess your reading and math skills,Yes,Get help in finding a summer job,Yes,Find out about summer learning opportunities,Yes,Learn about EEO and ADA requirements,Yes,"Get information on employment, wage and salary trends",Yes,Receive information on the Work Opportunity Tax Credit and other hiring incentives,Yes,Get your employee training needs analyzed,Yes,Get outplacement services for employees you are laying off,Yes,Learn about legal requirements for hiring and firing workers,Yes,Learn about Unemployment Insurance taxes and eligibility rules,Yes,Post your job openings,Yes,Get access to resumes posted by job applicants,Yes,Get training costs reimbursed for qualified job candidates,Yes,Develop programs to train new workers for your business,Yes,Get help in analyzing and writing job descriptions,Yes,Learn how to interview job applicants effectively,Yes,Learn about strategies for recruiting workers,Yes,Have background checks conducted on job applicants,Yes,Have job applicants` skills tested,Yes,Use on-site facilities for recruiting and interviewing job applicants,Yes,Get job applicants pre-screened,Yes
PR,Center_Name,Centro de Gestion Unica Laboral Norte Central,Website,http://www.nortecentral.com/,Google_Maps_Link,,Address,"Calle Palma, Esq. Betances #160
Arecibo, PR 00612",Phone,787-879-4439,E-mail Address,ngonzalez@nortecentral.com,Type of Office,Comprehensive One-Stop Career Centers,Office Level,State,Veterans Employment Representative,Yes,Veterans Representative #1 Phone,"(787) 879-3090, (787) 879-4439 Ext. 244",Veterans Rep. #1 E-mail Address,MGONZALEZ@trabajo.pr.gov,Business Representative Name,Linette Morales Montalvo,Business Representative Email,lmorales@nortecentral.com,Business Representative Phone,787-879-4439 Ext.292,Parking Availability,Si,Public Transit Access,Si,Language  Capability,"English, Spanish",UI Filing Assistance Online Available,No,UI Filing Assistance from Staff Available,No,Career Resource Room,Yes,Telephones,Yes,Fax Machines,Yes,Copy Machine,Yes,On-site Childcare,No,Internet Access,No,Video Viewing Stations,No,Rooms where employers can interview job seekers,Yes,Personal Computers,Yes,Find out how to get a work permit,Yes,Learn about strategies for finding a job,Yes,Get help in preparing for job interviews,Yes,Get help preparing your resume,Yes,"Find out about job openings (including work experience, internships and community service)",Yes,Post your resume for employers to see,Yes,Learn new job skills,Yes,Prepare for a high school equivalency (HSE) exam,Yes,"Improve your reading, writing and math skills",Yes,Improve your English skills (ESL),Yes,Learn about the world of business,Yes,Improve your current job skills,Yes,Get information about schools and training programs,Yes,Get help finding child care,Yes,Get help with living expenses while in training,Yes,Learn about financial aid for training,Yes,Get information about employers in your local area,Yes,Learn about what employers expect of their workers,Yes,Assess your career interests,Yes,Learn about jobs and careers suitable for you,Yes,Learn about jobs in demand and rates of pay,Yes,Assess your reading and math skills,Yes,Get help in finding a summer job,Yes,Find out about summer learning opportunities,Yes,Learn about EEO and ADA requirements,Yes,"Get information on employment, wage and salary trends",Yes,Receive information on the Work Opportunity Tax Credit and other hiring incentives,Yes,Get your employee training needs analyzed,Yes,Get outplacement services for employees you are laying off,Yes,Learn about legal requirements for hiring and firing workers,Yes,Learn about Unemployment Insurance taxes and eligibility rules,Yes,Post your job openings,Yes,Get access to resumes posted by job applicants,Yes,Get training costs reimbursed for qualified job candidates,Yes,Develop programs to train new workers for your business,Yes,Get help in analyzing and writing job descriptions,Yes,Learn how to interview job applicants effectively,Yes,Learn about strategies for recruiting workers,Yes,Have background checks conducted on job applicants,Yes,Have job applicants` skills tested,Yes,Use on-site facilities for recruiting and interviewing job applicants,Yes,Get job applicants pre-screened,Yes
PR,Center_Name,Centro de Gestion Unica Laboral La Montana,Website,Directions,Google_Maps_Link,"https://www.google.com/maps/dir//Calle+Barcelo+58,Barranquitas,PR+00794",Address,"Calle Barcelo #58
Barranquitas, PR 00794",Phone,,E-mail Address,wjimenez@cmontana.com,Type of Office,Comprehensive One-Stop Career Centers,Office Level,Federal,Veterans Employment Representative,No,Business Representative Name,Edith Valles,Business Representative Phone,787-857-7269,UI Filing Assistance Online Available,No,UI Filing Assistance from Staff Available,No,Career Resource Room,No,Telephones,Yes,Fax Machines,Yes,Copy Machine,Yes,On-site Childcare,Yes,Internet Access,Yes,Video Viewing Stations,Yes,Rooms where employers can interview job seekers,No,Personal Computers,Yes,Find out how to get a work permit,No,Learn about strategies for finding a job,Yes,Get help in preparing for job interviews,Yes,Get help preparing your resume,Yes,"Find out about job openings (including work experience, internships and community service)",No,Post your resume for employers to see,Yes,Learn new job skills,Yes,Prepare for a high school equivalency (HSE) exam,Yes,"Improve your reading, writing and math skills",Yes,Improve your English skills (ESL),Yes,Learn about the world of business,Yes,Improve your current job skills,Yes,Get information about schools and training programs,Yes,Get help finding child care,Yes,Get help with living expenses while in training,Yes,Learn about financial aid for training,Yes,Get information about employers in your local area,Yes,Learn about what employers expect of their workers,Yes,Assess your career interests,Yes,Learn about jobs and careers suitable for you,Yes,Learn about jobs in demand and rates of pay,Yes,Assess your reading and math skills,Yes,Get help in finding a summer job,Yes,Find out about summer learning opportunities,Yes,Learn about EEO and ADA requirements,Yes,"Get information on employment, wage and salary trends",Yes,Receive information on the Work Opportunity Tax Credit and other hiring incentives,Yes,Get your employee training needs analyzed,Yes,Get outplacement services for employees you are laying off,Yes,Learn about legal requirements for hiring and firing workers,Yes,Learn about Unemployment Insurance taxes and eligibility rules,Yes,Post your job openings,Yes,Get access to resumes posted by job applicants,Yes,Get training costs reimbursed for qualified job candidates,Yes,Develop programs to train new workers for your business,Yes,Get help in analyzing and writing job descriptions,Yes,Learn how to interview job applicants effectively,Yes,Learn about strategies for recruiting workers,Yes,Have background checks conducted on job applicants,Yes,Have job applicants` skills tested,Yes,Use on-site facilities for recruiting and interviewing job applicants,Yes,Get job applicants pre-screened,Yes
PR,Center_Name,Inversion En La Fuerza Laboral Centro de Bayamon,Website,https://www.municipiodebayamon.com/servicios-municipales/empleos/departamento-del-trabajo-municipal/,Google_Maps_Link,,Address,"#10 Palmer St esq. Dr. Veve St, Bayamon, PR 00961
PO Box 1588
Bayamon, PR 00960",Phone,787-787-6750,E-mail Address,jfrivera@municipiodebayamon.com,Type of Office,Comprehensive One-Stop Career Centers,Office Level,State,Veterans Employment Representative,No,Business Representative Name,Glorimar Colon,Business Representative Email,gcolon@municipiodebayamon.com,Business Representative Phone,787-780-9280,Parking Availability,Si,Public Transit Access,Si,Language  Capability,"English, Spanish",UI Filing Assistance Online Available,No,UI Filing Assistance from Staff Available,No,Career Resource Room,Yes,Telephones,Yes,Fax Machines,Yes,Copy Machine,Yes,On-site Childcare,No,Internet Access,Yes,Video Viewing Stations,Yes,Rooms where employers can interview job seekers,Yes,Personal Computers,Yes,Find out how to get a work permit,Yes,Learn about strategies for finding a job,Yes,Get help in preparing for job interviews,Yes,Get help preparing your resume,Yes,"Find out about job openings (including work experience, internships and community service)",Yes,Post your resume for employers to see,Yes,Learn new job skills,Yes,Prepare for a high school equivalency (HSE) exam,Yes,"Improve your reading, writing and math skills",No,Improve your English skills (ESL),No,Learn about the world of business,Yes,Improve your current job skills,Yes,Get information about schools and training programs,Yes,Get help finding child care,Yes,Get help with living expenses while in training,Yes,Learn about financial aid for training,No,Get information about employers in your local area,Yes,Learn about what employers expect of their workers,No,Assess your career interests,Yes,Learn about jobs and careers suitable for you,Yes,Learn about jobs in demand and rates of pay,Yes,Assess your reading and math skills,No,Get help in finding a summer job,Yes,Find out about summer learning opportunities,Yes,Learn about EEO and ADA requirements,Yes,"Get information on employment, wage and salary trends",Yes,Receive information on the Work Opportunity Tax Credit and other hiring incentives,No,Get your employee training needs analyzed,No,Get outplacement services for employees you are laying off,Yes,Learn about legal requirements for hiring and firing workers,No,Learn about Unemployment Insurance taxes and eligibility rules,No,Post your job openings,No,Get access to resumes posted by job applicants,Yes,Get training costs reimbursed for qualified job candidates,No,Develop programs to train new workers for your business,No,Get help in analyzing and writing job descriptions,No,Learn how to interview job applicants effectively,No,Learn about strategies for recruiting workers,No,Have background checks conducted on job applicants,No,Have job applicants` skills tested,No,Use on-site facilities for recruiting and interviewing job applicants,Yes,Get job applicants pre-screened,No
PR,Center_Name,Centro de Gestion Unica Laboral Caguas,Website,https://amsipr.com/wioa-workforce-innovation-and-opportunity-act/wioa-adultos-y-trabajadores-desplazados/,Google_Maps_Link,,Address,"6to Piso
Consolidated Medical Plaza
Caguas, PR 00726",Phone,,E-mail Address,jsantiago@amsipr.com,Type of Office,Comprehensive One-Stop Career Centers,Office Level,Federal,Veterans Employment Representative,No,Business Representative Name,RamÃ³n Morales,Business Representative Email,rmorales@amsipr.com,Business Representative Phone,"787-744-5329, Ext. 7018",UI Filing Assistance Online Available,No,UI Filing Assistance from Staff Available,No,Career Resource Room,Yes,Telephones,Yes,Fax Machines,Yes,Copy Machine,Yes,On-site Childcare,Yes,Internet Access,Yes,Video Viewing Stations,Yes,Rooms where employers can interview job seekers,Yes,Personal Computers,Yes,Find out how to get a work permit,Yes,Learn about strategies for finding a job,Yes,Get help in preparing for job interviews,Yes,Get help preparing your resume,Yes,"Find out about job openings (including work experience, internships and community service)",Yes,Post your resume for employers to see,Yes,Learn new job skills,Yes,Prepare for a high school equivalency (HSE) exam,Yes,"Improve your reading, writing and math skills",Yes,Improve your English skills (ESL),Yes,Learn about the world of business,Yes,Improve your current job skills,Yes,Get information about schools and training programs,Yes,Get help finding child care,Yes,Get help with living expenses while in training,Yes,Learn about financial aid for training,Yes,Get information about employers in your local area,Yes,Learn about what employers expect of their workers,Yes,Assess your career interests,Yes,Learn about jobs and careers suitable for you,Yes,Learn about jobs in demand and rates of pay,Yes,Assess your reading and math skills,Yes,Get help in finding a summer job,Yes,Find out about summer learning opportunities,Yes,Learn about EEO and ADA requirements,Yes,"Get information on employment, wage and salary trends",Yes,Receive information on the Work Opportunity Tax Credit and other hiring incentives,Yes,Get your employee training needs analyzed,Yes,Get outplacement services for employees you are laying off,Yes,Learn about legal requirements for hiring and firing workers,Yes,Learn about Unemployment Insurance taxes and eligibility rules,Yes,Post your job openings,Yes,Get access to resumes posted by job applicants,Yes,Get training costs reimbursed for qualified job candidates,Yes,Develop programs to train new workers for your business,Yes,Get help in analyzing and writing job descriptions,Yes,Learn how to interview job applicants effectively,Yes,Learn about strategies for recruiting workers,Yes,Have background checks conducted on job applicants,Yes,Have job applicants` skills tested,Yes,Use on-site facilities for recruiting and interviewing job applicants,Yes,Get job applicants pre-screened,Yes
PR,Center_Name,Centro de Gestion Unica Laboral - Arroyo,Website,https://amsipr.com/wioa-workforce-innovation-and-opportunity-act/wioa-adultos-y-trabajadores-desplazados/,Google_Maps_Link,,Address,"Calle Morse #64
Calle Morse, PR 00714",Phone,,Type of Office,Comprehensive One-Stop Career Centers,Office Level,Federal,Veterans Employment Representative,No,UI Filing Assistance Online Available,Yes,UI Filing Assistance from Staff Available,Yes,Career Resource Room,Yes,Telephones,Yes,Fax Machines,Yes,Copy Machine,Yes,On-site Childcare,Yes,Internet Access,Yes,Video Viewing Stations,Yes,Rooms where employers can interview job seekers,Yes,Personal Computers,Yes,Find out how to get a work permit,Yes,Learn about strategies for finding a job,Yes,Get help in preparing for job interviews,Yes,Get help preparing your resume,Yes,"Find out about job openings (including work experience, internships and community service)",Yes,Post your resume for employers to see,Yes,Learn new job skills,Yes,Prepare for a high school equivalency (HSE) exam,Yes,"Improve your reading, writing and math skills",Yes,Improve your English skills (ESL),Yes,Learn about the world of business,Yes,Improve your current job skills,Yes,Get information about schools and training programs,Yes,Get help finding child care,Yes,Get help with living expenses while in training,Yes,Learn about financial aid for training,Yes,Get information about employers in your local area,Yes,Learn about what employers expect of their workers,Yes,Assess your career interests,Yes,Learn about jobs and careers suitable for you,Yes,Learn about jobs in demand and rates of pay,Yes,Assess your reading and math skills,Yes,Get help in finding a summer job,Yes,Find out about summer learning opportunities,Yes,Learn about EEO and ADA requirements,Yes,"Get information on employment, wage and salary trends",Yes,Receive information on the Work Opportunity Tax Credit and other hiring incentives,Yes,Get your employee training needs analyzed,Yes,Get outplacement services for employees you are laying off,Yes,Learn about legal requirements for hiring and firing workers,Yes,Learn about Unemployment Insurance taxes and eligibility rules,Yes,Post your job openings,Yes,Get access to resumes posted by job applicants,Yes,Get training costs reimbursed for qualified job candidates,Yes,Develop programs to train new workers for your business,Yes,Get help in analyzing and writing job descriptions,Yes,Learn how to interview job applicants effectively,Yes,Learn about strategies for recruiting workers,Yes,Have background checks conducted on job applicants,Yes,Have job applicants` skills tested,Yes,Use on-site facilities for recruiting and interviewing job applicants,Yes,Get job applicants pre-screened,Yes
PR,Center_Name,Area Local De Desarollo Laboral De Carolina,Website,https://www.municipiocarolina.com/desarrollo-laboral/,Google_Maps_Link,,Address,"Calle Amadeo, Esquina Bernardo Garcia
Edificio Portales, Primer Piso
Carolina, PR 00985-0899",Phone,,E-mail Address,rmarrero@wiacarolina.org,Type of Office,Affiliate One Stops,Office Level,Local,Veterans Employment Representative,Yes,Business Representative Name,Carlos Perez,Business Representative Email,cperez@wiacarolina.org,Parking Availability,Si,Public Transit Access,Si,Language  Capability,"Inglis, Espanol",UI Filing Assistance Online Available,No,UI Filing Assistance from Staff Available,No,Telephones,Yes,Fax Machines,Yes,On-site Childcare,Yes,Video Viewing Stations,Yes,Rooms where employers can interview job seekers,Yes,Career Resource Room,Yes,Copy Machine,Yes,Personal Computers,Yes,Internet Access,Yes,Post your resume for employers to see,Yes,Get help in preparing for job interviews,Yes,Learn about strategies for finding a job,Yes,Find out how to get a work permit,Yes,"Find out about job openings (including work experience, internships and community service)",Yes,Get help preparing your resume,Yes,Improve your current job skills,Yes,Learn about the world of business,Yes,Learn new job skills,Yes,Improve your English skills (ESL),Yes,"Improve your reading, writing and math skills",Yes,Get information about schools and training programs,Yes,Prepare for a high school equivalency (HSE) exam,Yes,Learn about financial aid for training,Yes,Get help finding child care,Yes,Get help with living expenses while in training,Yes,Get information about employers in your local area,Yes,Assess your reading and math skills,Yes,Learn about jobs and careers suitable for you,Yes,Learn about what employers expect of their workers,Yes,Assess your career interests and skills,Yes,Learn about jobs in demand and rates of pay,Yes,Find out about summer learning opportunities,Yes,Get help in finding a summer job,Yes,Get outplacement services for employees you are laying off,Yes,"Get information on employment, wage and salary trends",Yes,Receive information on the Work Opportunity Tax Credit and other hiring incentives,Yes,Learn about legal requirements for hiring and firing workers,Yes,Learn about EEO and ADA requirements,Yes,Get your employee training needs analyzed,Yes,Learn about Unemployment Insurance taxes and eligibility rules,Yes,Get training costs reimbursed for qualified job candidates,Yes,Develop programs to train new workers for your business,Yes,Get help in analyzing and writing job descriptions,Yes,Learn how to interview job applicants effectively,Yes,Learn about strategies for recruiting workers,Yes,Have job applicants` skills tested,Yes,Get job applicants pre-screened,Yes,Get access to resumes posted by job applicants,Yes,Post your job openings,Yes,Have background checks conducted on job applicants,Yes,Use on-site facilities for recruiting and interviewing job applicants,Yes
PR,Center_Name,Centro Gestion Unica Cayey- Aibonito,Website,https://amsipr.com/directorio-de-centros-de-servicios/,Google_Maps_Link,,Address,"Calle Jose de Diego #151 Este
Cayey, PR 00736",Phone,787-263-4747,E-mail Address,cayey@amsi.gov.pr,Type of Office,Affiliate One Stops,Office Level,Federal,Veterans Employment Representative,Yes,UI Filing Assistance Online Available,No,UI Filing Assistance from Staff Available,No,Telephones,Yes,Fax Machines,Yes,On-site Childcare,Yes,Video Viewing Stations,Yes,Rooms where employers can interview job seekers,Yes,Career Resource Room,Yes,Copy Machine,Yes,Personal Computers,Yes,Internet Access,Yes,Post your resume for employers to see,Yes,Get help in preparing for job interviews,Yes,Learn about strategies for finding a job,Yes,Find out how to get a work permit,Yes,"Find out about job openings (including work experience, internships and community service)",Yes,Get help preparing your resume,Yes,Improve your current job skills,Yes,Learn about the world of business,Yes,Learn new job skills,Yes,Improve your English skills (ESL),Yes,"Improve your reading, writing and math skills",Yes,Get information about schools and training programs,Yes,Prepare for a high school equivalency (HSE) exam,Yes,Learn about financial aid for training,Yes,Get help finding child care,Yes,Get help with living expenses while in training,Yes,Get information about employers in your local area,Yes,Assess your reading and math skills,Yes,Learn about jobs and careers suitable for you,Yes,Learn about what employers expect of their workers,Yes,Assess your career interests and skills,Yes,Learn about jobs in demand and rates of pay,Yes,Find out about summer learning opportunities,Yes,Get help in finding a summer job,Yes,Get outplacement services for employees you are laying off,Yes,"Get information on employment, wage and salary trends",Yes,Receive information on the Work Opportunity Tax Credit and other hiring incentives,Yes,Learn about legal requirements for hiring and firing workers,Yes,Learn about EEO and ADA requirements,Yes,Get your employee training needs analyzed,Yes,Learn about Unemployment Insurance taxes and eligibility rules,Yes,Get training costs reimbursed for qualified job candidates,Yes,Develop programs to train new workers for your business,Yes,Get help in analyzing and writing job descriptions,Yes,Learn how to interview job applicants effectively,Yes,Learn about strategies for recruiting workers,Yes,Have job applicants` skills tested,Yes,Get job applicants pre-screened,Yes,Get access to resumes posted by job applicants,Yes,Post your job openings,Yes,Have background checks conducted on job applicants,Yes,Use on-site facilities for recruiting and interviewing job applicants,Yes
PR,Center_Name,Centro de Gestion Unica Laboral Sur Central,Website,https://www.trabajo.pr.gov/empleo_reempleo.asp,Google_Maps_Link,,Address,"Calle Bobby Capo #27
Coamo, PR 00769",Phone,787-471-7369,Type of Office,Comprehensive One-Stop Career Centers,Office Level,State,Veterans Employment Representative,No,Business Representative Name,Yazmin De Jesus,Business Representative Email,ydejesus@aldlsurcentral.org,Business Representative Phone,787-471-7369,Parking Availability,Si,Public Transit Access,Si,Language  Capability,"Spanish, English",UI Filing Assistance Online Available,No,UI Filing Assistance from Staff Available,No,Career Resource Room,Yes,Telephones,Yes,Fax Machines,Yes,Copy Machine,Yes,On-site Childcare,No,Internet Access,Yes,Video Viewing Stations,Yes,Rooms where employers can interview job seekers,Yes,Personal Computers,Yes,Find out how to get a work permit,Yes,Learn about strategies for finding a job,Yes,Get help in preparing for job interviews,Yes,Get help preparing your resume,Yes,"Find out about job openings (including work experience, internships and community service)",Yes,Post your resume for employers to see,Yes,Learn new job skills,Yes,Prepare for a high school equivalency (HSE) exam,Yes,"Improve your reading, writing and math skills",Yes,Improve your English skills (ESL),Yes,Learn about the world of business,Yes,Improve your current job skills,Yes,Get information about schools and training programs,Yes,Get help finding child care,Yes,Get help with living expenses while in training,Yes,Learn about financial aid for training,Yes,Get information about employers in your local area,Yes,Learn about what employers expect of their workers,Yes,Assess your career interests,Yes,Learn about jobs and careers suitable for you,Yes,Learn about jobs in demand and rates of pay,Yes,Assess your reading and math skills,Yes,Get help in finding a summer job,Yes,Find out about summer learning opportunities,Yes,Learn about EEO and ADA requirements,Yes,"Get information on employment, wage and salary trends",Yes,Receive information on the Work Opportunity Tax Credit and other hiring incentives,Yes,Get your employee training needs analyzed,Yes,Get outplacement services for employees you are laying off,Yes,Learn about legal requirements for hiring and firing workers,Yes,Learn about Unemployment Insurance taxes and eligibility rules,Yes,Post your job openings,Yes,Get access to resumes posted by job applicants,Yes,Get training costs reimbursed for qualified job candidates,Yes,Develop programs to train new workers for your business,Yes,Get help in analyzing and writing job descriptions,Yes,Learn how to interview job applicants effectively,Yes,Learn about strategies for recruiting workers,Yes,Have background checks conducted on job applicants,Yes,Have job applicants` skills tested,Yes,Use on-site facilities for recruiting and interviewing job applicants,Yes,Get job applicants pre-screened,Yes
PR,Center_Name,Area Local Desarrollo Laboral Noreste-American Job Center,Website,https://www.trabajo.pr.gov/empleo_reempleo.asp,Google_Maps_Link,,Address,"Calle Jorge Bird #12
PO Box 1305
Fajardo, PR 00738-1305",Phone,,E-mail Address,vicentediaz@cne.gov.pr,Type of Office,Comprehensive One-Stop Career Centers,Office Level,State,Veterans Employment Representative,Yes,Veterans Representative #1 Phone,"787-863-5004 / 787-801-4700, Ext. 1007",Veterans Rep. #1 E-mail Address,tarivera@dtrh.gobierno.pr,Parking Availability,Si,Public Transit Access,Si,Language  Capability,"English, Spanish",UI Filing Assistance Online Available,No,UI Filing Assistance from Staff Available,No,Career Resource Room,Yes,Telephones,Yes,Fax Machines,Yes,Copy Machine,Yes,On-site Childcare,No,Internet Access,No,Video Viewing Stations,No,Rooms where employers can interview job seekers,Yes,Personal Computers,No,Find out how to get a work permit,Yes,Learn about strategies for finding a job,Yes,Get help in preparing for job interviews,Yes,Get help preparing your resume,Yes,"Find out about job openings (including work experience, internships and community service)",Yes,Post your resume for employers to see,Yes,Learn new job skills,Yes,Prepare for a high school equivalency (HSE) exam,Yes,"Improve your reading, writing and math skills",Yes,Improve your English skills (ESL),Yes,Learn about the world of business,Yes,Improve your current job skills,Yes,Get information about schools and training programs,Yes,Get help finding child care,Yes,Get help with living expenses while in training,Yes,Learn about financial aid for training,Yes,Get information about employers in your local area,Yes,Learn about what employers expect of their workers,Yes,Assess your career interests,Yes,Learn about jobs and careers suitable for you,Yes,Learn about jobs in demand and rates of pay,Yes,Assess your reading and math skills,Yes,Get help in finding a summer job,Yes,Find out about summer learning opportunities,Yes,Learn about EEO and ADA requirements,Yes,"Get information on employment, wage and salary trends",Yes,Receive information on the Work Opportunity Tax Credit and other hiring incentives,Yes,Get your employee training needs analyzed,Yes,Get outplacement services for employees you are laying off,Yes,Learn about legal requirements for hiring and firing workers,Yes,Learn about Unemployment Insurance taxes and eligibility rules,Yes,Post your job openings,Yes,Get access to resumes posted by job applicants,Yes,Get training costs reimbursed for qualified job candidates,No,Develop programs to train new workers for your business,No,Get help in analyzing and writing job descriptions,No,Learn how to interview job applicants effectively,No,Learn about strategies for recruiting workers,No,Have background checks conducted on job applicants,Yes,Have job applicants` skills tested,Yes,Use on-site facilities for recruiting and interviewing job applicants,Yes,Get job applicants pre-screened,Yes
PR,Center_Name,One Stop Center - Guayama and Arroyo,Website,https://amsipr.com/servicios-para-adultos-y-desplazados/,Google_Maps_Link,,Address,"Calle Francisco G. Bruno
#7
Guayama, PR 00784",Phone,787-864-4916,E-mail Address,cruiz@amsi.gov.pr,Type of Office,Affiliate One Stops,Office Level,Federal,Veterans Employment Representative,Yes,Veterans Representative #1 Phone,"787-744-5329, Ext. *5000",Veterans Rep. #1 E-mail Address,aarias@amsi.gov.pr,Business Representative Name,Joaquin Santiago Santos,Business Representative Email,jsantiago@amsi.gov.pr,Business Representative Phone,"787-743-5329, ext 2000",UI Filing Assistance Online Available,No,UI Filing Assistance from Staff Available,No,Telephones,Yes,Fax Machines,Yes,On-site Childcare,Yes,Video Viewing Stations,Yes,Rooms where employers can interview job seekers,Yes,Career Resource Room,Yes,Copy Machine,Yes,Personal Computers,Yes,Internet Access,Yes,Post your resume for employers to see,Yes,Get help in preparing for job interviews,Yes,Learn about strategies for finding a job,Yes,Find out how to get a work permit,Yes,"Find out about job openings (including work experience, internships and community service)",Yes,Get help preparing your resume,Yes,Improve your current job skills,Yes,Learn about the world of business,Yes,Learn new job skills,Yes,Improve your English skills (ESL),Yes,"Improve your reading, writing and math skills",Yes,Get information about schools and training programs,Yes,Prepare for a high school equivalency (HSE) exam,Yes,Learn about financial aid for training,Yes,Get help finding child care,Yes,Get help with living expenses while in training,Yes,Get information about employers in your local area,Yes,Assess your reading and math skills,Yes,Learn about jobs and careers suitable for you,Yes,Learn about what employers expect of their workers,Yes,Assess your career interests and skills,Yes,Learn about jobs in demand and rates of pay,Yes,Find out about summer learning opportunities,Yes,Get help in finding a summer job,Yes,Get outplacement services for employees you are laying off,Yes,"Get information on employment, wage and salary trends",Yes,Receive information on the Work Opportunity Tax Credit and other hiring incentives,Yes,Learn about legal requirements for hiring and firing workers,Yes,Learn about EEO and ADA requirements,Yes,Get your employee training needs analyzed,Yes,Learn about Unemployment Insurance taxes and eligibility rules,Yes,Get training costs reimbursed for qualified job candidates,Yes,Develop programs to train new workers for your business,Yes,Get help in analyzing and writing job descriptions,Yes,Learn how to interview job applicants effectively,Yes,Learn about strategies for recruiting workers,Yes,Have job applicants` skills tested,Yes,Get job applicants pre-screened,Yes,Get access to resumes posted by job applicants,Yes,Post your job openings,Yes,Have background checks conducted on job applicants,Yes,Use on-site facilities for recruiting and interviewing job applicants,Yes
PR,Center_Name,Centro de Gestion Unica Laboral Guaynabo,Website,http://www.guaynabocity.gov.pr/en/servicios/empleos/,Google_Maps_Link,,Address,"Calle Jose Julian Acosta
Guaynabo City Hall, 5th Floor
Guaynabo, PR 00970",Phone,,E-mail Address,wruvira@guaynabocity.gov.pr,Type of Office,Comprehensive One-Stop Career Centers,Office Level,Federal,Business Representative Name,Cely Ines Torres,Business Representative Email,citorres@cgtbwia.com,UI Filing Assistance Online Available,No,UI Filing Assistance from Staff Available,No,Career Resource Room,Yes,Telephones,Yes,Fax Machines,Yes,Copy Machine,Yes,On-site Childcare,Yes,Internet Access,Yes,Video Viewing Stations,Yes,Rooms where employers can interview job seekers,Yes,Personal Computers,Yes,Find out how to get a work permit,Yes,Learn about strategies for finding a job,Yes,Get help in preparing for job interviews,Yes,Get help preparing your resume,Yes,"Find out about job openings (including work experience, internships and community service)",Yes,Post your resume for employers to see,Yes,Learn new job skills,Yes,Prepare for a high school equivalency (HSE) exam,Yes,"Improve your reading, writing and math skills",Yes,Improve your English skills (ESL),Yes,Learn about the world of business,Yes,Improve your current job skills,Yes,Get information about schools and training programs,Yes,Get help finding child care,Yes,Get help with living expenses while in training,Yes,Learn about financial aid for training,Yes,Get information about employers in your local area,Yes,Learn about what employers expect of their workers,Yes,Assess your career interests,Yes,Learn about jobs and careers suitable for you,Yes,Learn about jobs in demand and rates of pay,Yes,Assess your reading and math skills,Yes,Get help in finding a summer job,Yes,Find out about summer learning opportunities,Yes,Learn about EEO and ADA requirements,Yes,"Get information on employment, wage and salary trends",Yes,Receive information on the Work Opportunity Tax Credit and other hiring incentives,Yes,Get your employee training needs analyzed,Yes,Get outplacement services for employees you are laying off,Yes,Learn about legal requirements for hiring and firing workers,Yes,Learn about Unemployment Insurance taxes and eligibility rules,Yes,Post your job openings,Yes,Get access to resumes posted by job applicants,Yes,Get training costs reimbursed for qualified job candidates,Yes,Develop programs to train new workers for your business,Yes,Get help in analyzing and writing job descriptions,Yes,Learn how to interview job applicants effectively,Yes,Learn about strategies for recruiting workers,Yes,Have background checks conducted on job applicants,Yes,Have job applicants` skills tested,Yes,Use on-site facilities for recruiting and interviewing job applicants,Yes,Get job applicants pre-screened,Yes
PR,Center_Name,Centro de Gestion Unica Laboral Sureste,Website,http://aldlsureste.com/portal/,Google_Maps_Link,,Address,"Calle Dufressne Equina Antonio Lopez # 104
PO Box 487
Humacao, PR 00791",Phone,787-656-0101,E-mail Address,sheila.trujillo@aldlsureste.org,Type of Office,Comprehensive One-Stop Career Centers,Office Level,State,Veterans Employment Representative,Yes,Veterans Representative #1 Phone,"787-656-0101, ext. 2431",Veterans Rep. #1 E-mail Address,mmcolon@trabajo.pr.gov,Business Representative Name,Benjamin Reyes,Business Representative Email,Benjamin.Reyes@aldlsureste.org,Business Representative Phone,787-656-0101 ext 2497,Parking Availability,Si,Public Transit Access,Si,Language  Capability,"Ingles, Espanol",UI Filing Assistance Online Available,No,UI Filing Assistance from Staff Available,No,Career Resource Room,Yes,Telephones,Yes,Fax Machines,Yes,Copy Machine,Yes,On-site Childcare,No,Internet Access,Yes,Video Viewing Stations,Yes,Rooms where employers can interview job seekers,Yes,Personal Computers,Yes,Find out how to get a work permit,Yes,Learn about strategies for finding a job,Yes,Get help in preparing for job interviews,Yes,Get help preparing your resume,Yes,"Find out about job openings (including work experience, internships and community service)",Yes,Post your resume for employers to see,Yes,Learn new job skills,Yes,Prepare for a high school equivalency (HSE) exam,Yes,"Improve your reading, writing and math skills",Yes,Improve your English skills (ESL),Yes,Learn about the world of business,Yes,Improve your current job skills,Yes,Get information about schools and training programs,Yes,Get help finding child care,Yes,Get help with living expenses while in training,Yes,Learn about financial aid for training,Yes,Get information about employers in your local area,Yes,Learn about what employers expect of their workers,Yes,Assess your career interests,Yes,Learn about jobs and careers suitable for you,Yes,Learn about jobs in demand and rates of pay,Yes,Assess your reading and math skills,Yes,Get help in finding a summer job,Yes,Find out about summer learning opportunities,Yes,Learn about EEO and ADA requirements,Yes,"Get information on employment, wage and salary trends",Yes,Receive information on the Work Opportunity Tax Credit and other hiring incentives,Yes,Get your employee training needs analyzed,Yes,Get outplacement services for employees you are laying off,Yes,Learn about legal requirements for hiring and firing workers,Yes,Learn about Unemployment Insurance taxes and eligibility rules,Yes,Post your job openings,Yes,Get access to resumes posted by job applicants,Yes,Get training costs reimbursed for qualified job candidates,Yes,Develop programs to train new workers for your business,Yes,Get help in analyzing and writing job descriptions,Yes,Learn how to interview job applicants effectively,Yes,Learn about strategies for recruiting workers,Yes,Have background checks conducted on job applicants,Yes,Have job applicants` skills tested,Yes,Use on-site facilities for recruiting and interviewing job applicants,Yes,Get job applicants pre-screened,Yes
PR,Center_Name,Centro de Gestion Unica Laboral Manati-Dorado,Website,https://www.trabajo.pr.gov/empleo_reempleo.asp,Google_Maps_Link,,Address,"Carr. 670 Km 2.8
Fidel Santiago 1 Piso
Manati, PR 00674",Phone,787-844-4055,E-mail Address,jcruz@aldlmanatidorado.org,Type of Office,Comprehensive One-Stop Career Centers,Office Level,Federal,Veterans Employment Representative,No,Business Representative Name,Janet Miranda Rodriguez,Business Representative Email,janmir69@gmail.com,Business Representative Phone,787-844-4055,Parking Availability,Si,Public Transit Access,Si,Language  Capability,"Spanish, English",UI Filing Assistance Online Available,No,UI Filing Assistance from Staff Available,No,Career Resource Room,Yes,Telephones,Yes,Fax Machines,Yes,Copy Machine,Yes,On-site Childcare,No,Internet Access,Yes,Video Viewing Stations,Yes,Rooms where employers can interview job seekers,Yes,Personal Computers,Yes,Find out how to get a work permit,Yes,Learn about strategies for finding a job,Yes,Get help in preparing for job interviews,Yes,Get help preparing your resume,Yes,"Find out about job openings (including work experience, internships and community service)",Yes,Post your resume for employers to see,Yes,Learn new job skills,Yes,Prepare for a high school equivalency (HSE) exam,Yes,"Improve your reading, writing and math skills",Yes,Improve your English skills (ESL),Yes,Learn about the world of business,Yes,Improve your current job skills,Yes,Get information about schools and training programs,Yes,Get help finding child care,No,Get help with living expenses while in training,Yes,Learn about financial aid for training,Yes,Get information about employers in your local area,Yes,Learn about what employers expect of their workers,Yes,Assess your career interests,Yes,Learn about jobs and careers suitable for you,Yes,Learn about jobs in demand and rates of pay,Yes,Assess your reading and math skills,Yes,Get help in finding a summer job,Yes,Find out about summer learning opportunities,Yes,Learn about EEO and ADA requirements,No,"Get information on employment, wage and salary trends",No,Receive information on the Work Opportunity Tax Credit and other hiring incentives,Yes,Get your employee training needs analyzed,Yes,Get outplacement services for employees you are laying off,No,Learn about legal requirements for hiring and firing workers,Yes,Learn about Unemployment Insurance taxes and eligibility rules,No,Post your job openings,Yes,Get access to resumes posted by job applicants,Yes,Get training costs reimbursed for qualified job candidates,Yes,Develop programs to train new workers for your business,Yes,Get help in analyzing and writing job descriptions,No,Learn how to interview job applicants effectively,No,Learn about strategies for recruiting workers,No,Have background checks conducted on job applicants,No,Have job applicants` skills tested,No,Use on-site facilities for recruiting and interviewing job applicants,Yes,Get job applicants pre-screened,No
PR,Center_Name,Centro de Gestion Unica - American Job Center Mayaguez/ Las MarÃ­as,Website,http://jlmlm.com/unique-career-management-center/,Google_Maps_Link,"https://www.google.com/maps/dir//10+Calle+Ramon+E.+Betances,+Sur,Mayaguez,PR+00680",Address,"10 Calle Ramon E. Betances, Sur
Mayaguez, PR 00680",Phone,,E-mail Address,ajcmayaguez@gmail.com / ajc-mlm@outlook.com,Type of Office,Affiliate One Stops,Office Level,Federal,Veterans Employment Representative,Yes,Veterans Representative #1 Phone,"787-834-8011, Ext. 2437",Veterans Rep. #1 E-mail Address,jojimenez@trabajo.pr.gov,Business Representative Name,Sra. Hilda Renovales Cruz,Business Representative Email,aldlmayaguez@gmail.com,Business Representative Phone,"787-834-8010, Ext. 2400",UI Filing Assistance Online Available,No,UI Filing Assistance from Staff Available,No,Telephones,Yes,Fax Machines,Yes,On-site Childcare,Yes,Video Viewing Stations,Yes,Rooms where employers can interview job seekers,Yes,Career Resource Room,Yes,Copy Machine,Yes,Personal Computers,Yes,Internet Access,Yes,Post your resume for employers to see,Yes,Get help in preparing for job interviews,Yes,Learn about strategies for finding a job,Yes,Find out how to get a work permit,Yes,"Find out about job openings (including work experience, internships and community service)",Yes,Get help preparing your resume,Yes,Improve your current job skills,Yes,Learn about the world of business,Yes,Learn new job skills,Yes,Improve your English skills (ESL),No,"Improve your reading, writing and math skills",Yes,Get information about schools and training programs,Yes,Prepare for a high school equivalency (HSE) exam,No,Learn about financial aid for training,Yes,Get help finding child care,Yes,Get help with living expenses while in training,Yes,Get information about employers in your local area,Yes,Assess your reading and math skills,Yes,Learn about jobs and careers suitable for you,Yes,Learn about what employers expect of their workers,Yes,Assess your career interests and skills,Yes,Learn about jobs in demand and rates of pay,Yes,Find out about summer learning opportunities,Yes,Get help in finding a summer job,Yes,Get outplacement services for employees you are laying off,Yes,"Get information on employment, wage and salary trends",Yes,Receive information on the Work Opportunity Tax Credit and other hiring incentives,Yes,Learn about legal requirements for hiring and firing workers,Yes,Learn about EEO and ADA requirements,Yes,Get your employee training needs analyzed,Yes,Learn about Unemployment Insurance taxes and eligibility rules,Yes,Get training costs reimbursed for qualified job candidates,Yes,Develop programs to train new workers for your business,Yes,Get help in analyzing and writing job descriptions,Yes,Learn how to interview job applicants effectively,Yes,Learn about strategies for recruiting workers,Yes,Have job applicants` skills tested,Yes,Get job applicants pre-screened,Yes,Get access to resumes posted by job applicants,Yes,Post your job openings,Yes,Have background checks conducted on job applicants,Yes,Use on-site facilities for recruiting and interviewing job applicants,Yes
PR,Center_Name,Ponce One Stop Center,Website,https://www.trabajo.pr.gov/empleo_reempleo.asp,Google_Maps_Link,,Address,"Calle Isabel #61-63
PO Box 331709
Ponce, PR 00733-1709",Phone,787-840-2900,E-mail Address,ponce_csit_wa@hotmail.com,Type of Office,Comprehensive One-Stop Career Centers,Office Level,State,Veterans Employment Representative,No,Business Representative Name,"Jaime Santiago Canet, Ph.D",Business Representative Email,jsantiagocanet@hotmail.com,Business Representative Phone,787-848-8148,Parking Availability,Si,Public Transit Access,Si,Language  Capability,"English, Spanish",UI Filing Assistance Online Available,No,UI Filing Assistance from Staff Available,No,Career Resource Room,Yes,Telephones,Yes,Fax Machines,Yes,Copy Machine,Yes,On-site Childcare,No,Internet Access,Yes,Video Viewing Stations,Yes,Rooms where employers can interview job seekers,Yes,Personal Computers,Yes,Find out how to get a work permit,Yes,Learn about strategies for finding a job,Yes,Get help in preparing for job interviews,Yes,Get help preparing your resume,Yes,"Find out about job openings (including work experience, internships and community service)",Yes,Post your resume for employers to see,Yes,Learn new job skills,Yes,Prepare for a high school equivalency (HSE) exam,Yes,"Improve your reading, writing and math skills",Yes,Improve your English skills (ESL),Yes,Learn about the world of business,Yes,Improve your current job skills,Yes,Get information about schools and training programs,Yes,Get help finding child care,Yes,Get help with living expenses while in training,Yes,Learn about financial aid for training,Yes,Get information about employers in your local area,Yes,Learn about what employers expect of their workers,Yes,Assess your career interests,Yes,Learn about jobs and careers suitable for you,Yes,Learn about jobs in demand and rates of pay,Yes,Assess your reading and math skills,Yes,Get help in finding a summer job,Yes,Find out about summer learning opportunities,Yes,Learn about EEO and ADA requirements,Yes,"Get information on employment, wage and salary trends",Yes,Receive information on the Work Opportunity Tax Credit and other hiring incentives,Yes,Get your employee training needs analyzed,Yes,Get outplacement services for employees you are laying off,Yes,Learn about legal requirements for hiring and firing workers,Yes,Learn about Unemployment Insurance taxes and eligibility rules,Yes,Post your job openings,Yes,Get access to resumes posted by job applicants,Yes,Get training costs reimbursed for qualified job candidates,Yes,Develop programs to train new workers for your business,Yes,Get help in analyzing and writing job descriptions,Yes,Learn how to interview job applicants effectively,Yes,Learn about strategies for recruiting workers,Yes,Have background checks conducted on job applicants,Yes,Have job applicants` skills tested,Yes,Use on-site facilities for recruiting and interviewing job applicants,Yes,Get job applicants pre-screened,Yes
PR,Center_Name,,Website,,Google_Maps_Link,"https://www.google.com/maps/dir//Georgetti+82,Rio+Piedras,PR+00925",Address,"Georgetti #82
Rio Piedras, PR 00925",Phone,787-480-5680,E-mail Address,ihornedo@sanjuanciudadopatria.com,Type of Office,Comprehensive One-Stop Career Centers,Office Level,State,Veterans Employment Representative,Yes,Veterans Representative #1 Phone,787-289-0460 ext. 2255,Veterans Rep. #1 E-mail Address,culturaremolacha@hotmail.com,Business Representative Name,Sylvia Ruiz Alvarado,Business Representative Email,sruiz01@sanjuanciudadpartria..com,Business Representative Phone,787-480-8855,Parking Availability,Si,Public Transit Access,Si,Language  Capability,"Spanish, English",UI Filing Assistance Online Available,No,UI Filing Assistance from Staff Available,No,Career Resource Room,Yes,Telephones,Yes,Fax Machines,Yes,Copy Machine,Yes,On-site Childcare,No,Internet Access,Yes,Video Viewing Stations,Yes,Rooms where employers can interview job seekers,Yes,Personal Computers,Yes,Find out how to get a work permit,Yes,Learn about strategies for finding a job,Yes,Get help in preparing for job interviews,Yes,Get help preparing your resume,Yes,"Find out about job openings (including work experience, internships and community service)",Yes,Post your resume for employers to see,Yes,Learn new job skills,Yes,Prepare for a high school equivalency (HSE) exam,Yes,"Improve your reading, writing and math skills",Yes,Improve your English skills (ESL),Yes,Learn about the world of business,Yes,Improve your current job skills,Yes,Get information about schools and training programs,Yes,Get help finding child care,Yes,Get help with living expenses while in training,Yes,Learn about financial aid for training,Yes,Get information about employers in your local area,Yes,Learn about what employers expect of their workers,Yes,Assess your career interests,Yes,Learn about jobs and careers suitable for you,Yes,Learn about jobs in demand and rates of pay,Yes,Assess your reading and math skills,Yes,Get help in finding a summer job,Yes,Find out about summer learning opportunities,Yes,Learn about EEO and ADA requirements,Yes,"Get information on employment, wage and salary trends",Yes,Receive information on the Work Opportunity Tax Credit and other hiring incentives,Yes,Get your employee training needs analyzed,Yes,Get outplacement services for employees you are laying off,Yes,Learn about legal requirements for hiring and firing workers,Yes,Learn about Unemployment Insurance taxes and eligibility rules,Yes,Post your job openings,Yes,Get access to resumes posted by job applicants,Yes,Get training costs reimbursed for qualified job candidates,Yes,Develop programs to train new workers for your business,Yes,Get help in analyzing and writing job descriptions,Yes,Learn how to interview job applicants effectively,Yes,Learn about strategies for recruiting workers,Yes,Have background checks conducted on job applicants,Yes,Have job applicants` skills tested,Yes,Use on-site facilities for recruiting and interviewing job applicants,Yes,Get job applicants pre-screened,Yes
PR,Center_Name,Centro de Gestion Unica Laboral Suroeste,Website,http://www.aldls.org/,Google_Maps_Link,,Address,"Plaza Pitito Barrio Hoconuco #2 Kilometro 170.0
PO Box 246
San German, PR 00683",Phone,,E-mail Address,cgu@aldls.org,Type of Office,Comprehensive One-Stop Career Centers,Office Level,Local,Veterans Employment Representative,No,Parking Availability,Si,Public Transit Access,Si,Language  Capability,Spanish and English,UI Filing Assistance Online Available,No,UI Filing Assistance from Staff Available,No,Career Resource Room,Yes,Telephones,Yes,Fax Machines,Yes,Copy Machine,Yes,On-site Childcare,Yes,Internet Access,Yes,Video Viewing Stations,Yes,Rooms where employers can interview job seekers,Yes,Personal Computers,Yes,Find out how to get a work permit,Yes,Learn about strategies for finding a job,Yes,Get help in preparing for job interviews,Yes,Get help preparing your resume,Yes,"Find out about job openings (including work experience, internships and community service)",Yes,Post your resume for employers to see,Yes,Learn new job skills,Yes,Prepare for a high school equivalency (HSE) exam,Yes,"Improve your reading, writing and math skills",Yes,Improve your English skills (ESL),Yes,Learn about the world of business,Yes,Improve your current job skills,Yes,Get information about schools and training programs,Yes,Get help finding child care,Yes,Get help with living expenses while in training,Yes,Learn about financial aid for training,Yes,Get information about employers in your local area,Yes,Learn about what employers expect of their workers,Yes,Assess your career interests,Yes,Learn about jobs and careers suitable for you,Yes,Learn about jobs in demand and rates of pay,Yes,Assess your reading and math skills,Yes,Get help in finding a summer job,Yes,Find out about summer learning opportunities,Yes,Learn about EEO and ADA requirements,Yes,"Get information on employment, wage and salary trends",Yes,Receive information on the Work Opportunity Tax Credit and other hiring incentives,Yes,Get your employee training needs analyzed,Yes,Get outplacement services for employees you are laying off,Yes,Learn about legal requirements for hiring and firing workers,Yes,Learn about Unemployment Insurance taxes and eligibility rules,Yes,Post your job openings,Yes,Get access to resumes posted by job applicants,Yes,Get training costs reimbursed for qualified job candidates,Yes,Develop programs to train new workers for your business,Yes,Get help in analyzing and writing job descriptions,No,Learn how to interview job applicants effectively,No,Learn about strategies for recruiting workers,Yes,Have background checks conducted on job applicants,No,Have job applicants` skills tested,No,Use on-site facilities for recruiting and interviewing job applicants,Yes,Get job applicants pre-screened,No
PR,Center_Name,Centro de Gestion Unica Laboral Trujillo Alto,Website,https://amsipr.com/directorio-de-centros-de-servicios/,Google_Maps_Link,,Address,"Calle Dr. Fernandez
# 212,
Trujillo Alto, PR 00976",Phone,787-283-0845,Type of Office,Affiliate One Stops,Office Level,Federal,Veterans Employment Representative,No,Veterans Representative #1 Phone,787-761-0172,UI Filing Assistance Online Available,No,UI Filing Assistance from Staff Available,No,Telephones,Yes,Fax Machines,Yes,On-site Childcare,Yes,Video Viewing Stations,Yes,Rooms where employers can interview job seekers,Yes,Career Resource Room,Yes,Copy Machine,Yes,Personal Computers,Yes,Internet Access,Yes,Post your resume for employers to see,Yes,Get help in preparing for job interviews,Yes,Learn about strategies for finding a job,Yes,Find out how to get a work permit,Yes,"Find out about job openings (including work experience, internships and community service)",Yes,Get help preparing your resume,Yes,Improve your current job skills,Yes,Learn about the world of business,Yes,Learn new job skills,Yes,Improve your English skills (ESL),Yes,"Improve your reading, writing and math skills",Yes,Get information about schools and training programs,Yes,Prepare for a high school equivalency (HSE) exam,Yes,Learn about financial aid for training,Yes,Get help finding child care,Yes,Get help with living expenses while in training,Yes,Get information about employers in your local area,Yes,Assess your reading and math skills,Yes,Learn about jobs and careers suitable for you,Yes,Learn about what employers expect of their workers,Yes,Assess your career interests and skills,Yes,Learn about jobs in demand and rates of pay,Yes,Find out about summer learning opportunities,Yes,Get help in finding a summer job,Yes,Get outplacement services for employees you are laying off,Yes,"Get information on employment, wage and salary trends",Yes,Receive information on the Work Opportunity Tax Credit and other hiring incentives,Yes,Learn about legal requirements for hiring and firing workers,Yes,Learn about EEO and ADA requirements,Yes,Get your employee training needs analyzed,Yes,Learn about Unemployment Insurance taxes and eligibility rules,Yes,Get training costs reimbursed for qualified job candidates,Yes,Develop programs to train new workers for your business,Yes,Get help in analyzing and writing job descriptions,Yes,Learn how to interview job applicants effectively,Yes,Learn about strategies for recruiting workers,Yes,Have job applicants` skills tested,Yes,Get job applicants pre-screened,Yes,Get access to resumes posted by job applicants,Yes,Post your job openings,Yes,Have background checks conducted on job applicants,Yes,Use on-site facilities for recruiting and interviewing job applicants,Yes
