MA,Center_Name,,Website,http://masshirebristolwb.org/jobseekers/,Google_Maps_Link,"https://www.google.com/maps/dir//95+Pine+Street,Attleboro,MA+02703",Address,"95 Pine Street
Attleboro, MA 02703",Phone,508-222-1950,E-mail Address,aferreira@bristoljobs.org,Type of Office,Comprehensive One-Stop Career Centers,Office Level,Local,Veterans Employment Representative,Yes,Veterans Representative #1 Phone,508-222-1950 ext. 106,Veterans Rep. #1 E-mail Address,Michael.Rae@detma.org,Business Representative Name,Ana Santos,Business Representative Email,asantos@bristoljobs.org,Business Representative Phone,"508-222-1950, Ext. 104",Parking Availability,yes,Public Transit Access,no,UI Filing Assistance Online Available,No,UI Filing Assistance from Staff Available,Yes,Career Resource Room,Yes,Telephones,Yes,Fax Machines,Yes,Copy Machine,Yes,On-site Childcare,No,Internet Access,Yes,Video Viewing Stations,No,Rooms where employers can interview job seekers,Yes,Personal Computers,Yes,Find out how to get a work permit,Yes,Learn about strategies for finding a job,Yes,Get help in preparing for job interviews,Yes,Get help preparing your resume,Yes,"Find out about job openings (including work experience, internships and community service)",Yes,Post your resume for employers to see,Yes,Learn new job skills,Yes,Prepare for a high school equivalency (HSE) exam,Yes,"Improve your reading, writing and math skills",Yes,Improve your English skills (ESL),Yes,Learn about the world of business,No,Improve your current job skills,Yes,Get information about schools and training programs,Yes,Get help finding child care,Yes,Get help with living expenses while in training,Yes,Learn about financial aid for training,Yes,Get information about employers in your local area,Yes,Learn about what employers expect of their workers,Yes,Assess your career interests,Yes,Learn about jobs and careers suitable for you,Yes,Learn about jobs in demand and rates of pay,Yes,Assess your reading and math skills,Yes,Get help in finding a summer job,Yes,Find out about summer learning opportunities,Yes,Learn about EEO and ADA requirements,Yes,"Get information on employment, wage and salary trends",Yes,Receive information on the Work Opportunity Tax Credit and other hiring incentives,Yes,Get your employee training needs analyzed,No,Get outplacement services for employees you are laying off,Yes,Learn about legal requirements for hiring and firing workers,Yes,Learn about Unemployment Insurance taxes and eligibility rules,Yes,Post your job openings,Yes,Get access to resumes posted by job applicants,Yes,Get training costs reimbursed for qualified job candidates,Yes,Develop programs to train new workers for your business,No,Get help in analyzing and writing job descriptions,Yes,Learn how to interview job applicants effectively,Yes,Learn about strategies for recruiting workers,Yes,Have background checks conducted on job applicants,No,Have job applicants` skills tested,Yes,Use on-site facilities for recruiting and interviewing job applicants,Yes,Get job applicants pre-screened,Yes
MA,Center_Name,MassHire Boston Career Center,Website,https://www.masshirebostoncareerctr.org/,Google_Maps_Link,"https://www.google.com/maps/dir//1010+Harrison+Avenue,Boston,MA+02119",Address,"1010 Harrison Avenue
Boston, MA 02119",Phone,617-541-1400,E-mail Address,contact@masshirebostoncareerctr.org,Type of Office,Comprehensive One-Stop Career Centers,Office Level,Local,Veterans Employment Representative,Yes,Veterans Representative #1 Phone,617-541-1487,Veterans Rep. #1 E-mail Address,mark.bryson1@massmail.state.ma.us,Business Representative Name,Antonio Thomas,Business Representative Email,antoniothomas@masshirebostoncareerctr.org,Business Representative Phone,617-541-1477,Parking Availability,yes,Public Transit Access,yes,Language  Capability,Services offered in English and Spanish,UI Filing Assistance Online Available,Yes,UI Filing Assistance from Staff Available,Yes,Career Resource Room,Yes,Telephones,Yes,Fax Machines,Yes,Copy Machine,Yes,On-site Childcare,No,Internet Access,Yes,Video Viewing Stations,Yes,Rooms where employers can interview job seekers,Yes,Personal Computers,Yes,Find out how to get a work permit,Yes,Learn about strategies for finding a job,Yes,Get help in preparing for job interviews,Yes,Get help preparing your resume,Yes,"Find out about job openings (including work experience, internships and community service)",Yes,Post your resume for employers to see,Yes,Learn new job skills,Yes,Prepare for a high school equivalency (HSE) exam,Yes,"Improve your reading, writing and math skills",Yes,Improve your English skills (ESL),Yes,Learn about the world of business,Yes,Improve your current job skills,Yes,Get information about schools and training programs,Yes,Get help finding child care,Yes,Get help with living expenses while in training,Yes,Learn about financial aid for training,Yes,Get information about employers in your local area,Yes,Learn about what employers expect of their workers,Yes,Assess your career interests,Yes,Learn about jobs and careers suitable for you,Yes,Learn about jobs in demand and rates of pay,Yes,Assess your reading and math skills,Yes,Get help in finding a summer job,Yes,Find out about summer learning opportunities,Yes,Learn about EEO and ADA requirements,No,"Get information on employment, wage and salary trends",No,Receive information on the Work Opportunity Tax Credit and other hiring incentives,No,Get your employee training needs analyzed,No,Get outplacement services for employees you are laying off,Yes,Learn about legal requirements for hiring and firing workers,No,Learn about Unemployment Insurance taxes and eligibility rules,No,Post your job openings,Yes,Get access to resumes posted by job applicants,Yes,Get training costs reimbursed for qualified job candidates,No,Develop programs to train new workers for your business,No,Get help in analyzing and writing job descriptions,Yes,Learn how to interview job applicants effectively,No,Learn about strategies for recruiting workers,Yes,Have background checks conducted on job applicants,No,Have job applicants` skills tested,No,Use on-site facilities for recruiting and interviewing job applicants,Yes,Get job applicants pre-screened,Yes
MA,Center_Name,MassHire Downtown Boston Career Center,Website,https://masshiredowntownboston.org/,Google_Maps_Link,"https://www.google.com/maps/dir//75+Federal+Street,Boston,MA+02110-1913",Address,"75 Federal Street
3rd Floor
Boston, MA 02110-1913",Phone,617-399-3100,E-mail Address,inquiry@careersolution.org,Type of Office,Comprehensive One-Stop Career Centers,Office Level,Local,Veterans Employment Representative,No,Business Representative Name,Maricela Menaker,Business Representative Email,MMenaker@masshiredowntownboston.org,Business Representative Phone,617-399-3354,Parking Availability,none,Public Transit Access,yes,Language  Capability,"Services in English and Spanish; limited translation abilities in Mandarin,Cantonese, and Russian",UI Filing Assistance Online Available,No,UI Filing Assistance from Staff Available,Yes,Career Resource Room,Yes,Telephones,Yes,Fax Machines,Yes,Copy Machine,Yes,On-site Childcare,No,Internet Access,Yes,Video Viewing Stations,Yes,Rooms where employers can interview job seekers,Yes,Personal Computers,Yes,Find out how to get a work permit,No,Learn about strategies for finding a job,No,Get help in preparing for job interviews,No,Get help preparing your resume,No,"Find out about job openings (including work experience, internships and community service)",No,Post your resume for employers to see,No,Learn new job skills,No,Prepare for a high school equivalency (HSE) exam,No,"Improve your reading, writing and math skills",No,Improve your English skills (ESL),No,Learn about the world of business,No,Improve your current job skills,No,Get information about schools and training programs,No,Get help finding child care,No,Get help with living expenses while in training,No,Learn about financial aid for training,No,Get information about employers in your local area,No,Learn about what employers expect of their workers,No,Assess your career interests,Yes,Learn about jobs and careers suitable for you,Yes,Learn about jobs in demand and rates of pay,No,Assess your reading and math skills,No,Get help in finding a summer job,No,Find out about summer learning opportunities,No,Learn about EEO and ADA requirements,Yes,"Get information on employment, wage and salary trends",Yes,Receive information on the Work Opportunity Tax Credit and other hiring incentives,Yes,Get your employee training needs analyzed,Yes,Get outplacement services for employees you are laying off,Yes,Learn about legal requirements for hiring and firing workers,No,Learn about Unemployment Insurance taxes and eligibility rules,No,Post your job openings,Yes,Get access to resumes posted by job applicants,No,Get training costs reimbursed for qualified job candidates,Yes,Develop programs to train new workers for your business,Yes,Get help in analyzing and writing job descriptions,No,Learn how to interview job applicants effectively,No,Learn about strategies for recruiting workers,Yes,Have background checks conducted on job applicants,No,Have job applicants` skills tested,No,Use on-site facilities for recruiting and interviewing job applicants,Yes,Get job applicants pre-screened,Yes
MA,Center_Name,MassHire Greater Brockton Career Center,Website,https://masshiregbcc.org/jobseekers/,Google_Maps_Link,"https://www.google.com/maps/dir//34+School+Street,Brockton,MA+02301",Address,"34 School Street
Brockton, MA 02301",Phone,508-513-3400,E-mail Address,info@masshiregbcc.org,Type of Office,Comprehensive One-Stop Career Centers,Office Level,Local,Veterans Employment Representative,Yes,Veterans Representative #1 Phone,508-513-3400,Veterans Rep. #1 E-mail Address,jschmit@detma.org,Business Representative Name,Andrea Kingman,Business Representative Email,akingman@masshiregbcc.org,Business Representative Phone,508-513-3442,Parking Availability,yes,Public Transit Access,yes,UI Filing Assistance Online Available,No,UI Filing Assistance from Staff Available,Yes,Career Resource Room,Yes,Telephones,Yes,Fax Machines,Yes,Copy Machine,Yes,On-site Childcare,No,Internet Access,Yes,Video Viewing Stations,No,Rooms where employers can interview job seekers,Yes,Personal Computers,Yes,Find out how to get a work permit,No,Learn about strategies for finding a job,No,Get help in preparing for job interviews,No,Get help preparing your resume,No,"Find out about job openings (including work experience, internships and community service)",No,Post your resume for employers to see,No,Learn new job skills,No,Prepare for a high school equivalency (HSE) exam,No,"Improve your reading, writing and math skills",No,Improve your English skills (ESL),No,Learn about the world of business,No,Improve your current job skills,No,Get information about schools and training programs,No,Get help finding child care,No,Get help with living expenses while in training,No,Learn about financial aid for training,No,Get information about employers in your local area,Yes,Learn about what employers expect of their workers,Yes,Assess your career interests,Yes,Learn about jobs and careers suitable for you,Yes,Learn about jobs in demand and rates of pay,Yes,Assess your reading and math skills,Yes,Get help in finding a summer job,No,Find out about summer learning opportunities,No,Learn about EEO and ADA requirements,No,"Get information on employment, wage and salary trends",Yes,Receive information on the Work Opportunity Tax Credit and other hiring incentives,Yes,Get your employee training needs analyzed,Yes,Get outplacement services for employees you are laying off,Yes,Learn about legal requirements for hiring and firing workers,Yes,Learn about Unemployment Insurance taxes and eligibility rules,Yes,Post your job openings,Yes,Get access to resumes posted by job applicants,No,Get training costs reimbursed for qualified job candidates,No,Develop programs to train new workers for your business,Yes,Get help in analyzing and writing job descriptions,Yes,Learn how to interview job applicants effectively,Yes,Learn about strategies for recruiting workers,Yes,Have background checks conducted on job applicants,No,Have job applicants` skills tested,Yes,Use on-site facilities for recruiting and interviewing job applicants,Yes,Get job applicants pre-screened,Yes
MA,Center_Name,MassHire Metro North Career Center in Cambridge,Website,https://www.mass.gov/locations/masshire-metro-north-career-center-cambridge,Google_Maps_Link,"https://www.google.com/maps/dir//186+Alewife+Brook+Parkway,Cambridge,MA+02138",Address,"186 Alewife Brook Parkway
Suite 310
Cambridge, MA 02138",Phone,617-661-7867,Type of Office,Comprehensive One-Stop Career Centers,Office Level,Local,Veterans Employment Representative,Yes,Veterans Representative #1 Phone,617-661-7867 Ext. 261,Veterans Rep. #1 E-mail Address,dennis.pellegrino@state.ma.us,Business Representative Name,Julie Whitmore,Business Representative Email,JWhitmore@mhmncc.com,Business Representative Phone,781-932-5500,Parking Availability,yes,Public Transit Access,yes,Language  Capability,Services in English and Spanish,UI Filing Assistance Online Available,Yes,UI Filing Assistance from Staff Available,Yes,Career Resource Room,Yes,Telephones,Yes,Fax Machines,Yes,Copy Machine,Yes,On-site Childcare,No,Internet Access,Yes,Video Viewing Stations,No,Rooms where employers can interview job seekers,Yes,Personal Computers,Yes,Find out how to get a work permit,Yes,Learn about strategies for finding a job,Yes,Get help in preparing for job interviews,Yes,Get help preparing your resume,Yes,"Find out about job openings (including work experience, internships and community service)",Yes,Post your resume for employers to see,No,Learn new job skills,Yes,Prepare for a high school equivalency (HSE) exam,No,"Improve your reading, writing and math skills",No,Improve your English skills (ESL),No,Learn about the world of business,Yes,Improve your current job skills,Yes,Get information about schools and training programs,Yes,Get help finding child care,Yes,Get help with living expenses while in training,Yes,Learn about financial aid for training,Yes,Get information about employers in your local area,Yes,Learn about what employers expect of their workers,Yes,Assess your career interests,Yes,Learn about jobs and careers suitable for you,Yes,Learn about jobs in demand and rates of pay,Yes,Assess your reading and math skills,Yes,Get help in finding a summer job,Yes,Find out about summer learning opportunities,Yes,Learn about EEO and ADA requirements,Yes,"Get information on employment, wage and salary trends",Yes,Receive information on the Work Opportunity Tax Credit and other hiring incentives,Yes,Get your employee training needs analyzed,Yes,Get outplacement services for employees you are laying off,Yes,Learn about legal requirements for hiring and firing workers,Yes,Learn about Unemployment Insurance taxes and eligibility rules,Yes,Post your job openings,Yes,Get access to resumes posted by job applicants,Yes,Get training costs reimbursed for qualified job candidates,No,Develop programs to train new workers for your business,Yes,Get help in analyzing and writing job descriptions,Yes,Learn how to interview job applicants effectively,Yes,Learn about strategies for recruiting workers,Yes,Have background checks conducted on job applicants,No,Have job applicants` skills tested,Yes,Use on-site facilities for recruiting and interviewing job applicants,Yes,Get job applicants pre-screened,Yes
MA,Center_Name,MassHire Metro North Career Center of Chelsea,Website,https://masshiremncareers.com/jobseekers/,Google_Maps_Link,"https://www.google.com/maps/dir//4+Gerrish+Ave,Chelsea,MA+02150",Address,"4 Gerrish Ave
Chelsea, MA 02150",Phone,617-884-4333,Type of Office,Affiliate One Stops,Office Level,Local,Veterans Employment Representative,Yes,Veterans Representative #1 Phone,617-884-4333,Veterans Rep. #1 E-mail Address,dpellegrino@detma.org,Business Representative Name,Julie Whitmore,Business Representative Email,Jwhitmore@mhmncc.com,Business Representative Phone,781-932-5500,Parking Availability,yes,Public Transit Access,yes,Language  Capability,"Services offered in English, Spanish and Haitian Creole",UI Filing Assistance Online Available,Yes,UI Filing Assistance from Staff Available,Yes,Telephones,Yes,Fax Machines,Yes,On-site Childcare,No,Video Viewing Stations,Yes,Rooms where employers can interview job seekers,Yes,Career Resource Room,Yes,Copy Machine,Yes,Personal Computers,Yes,Internet Access,Yes,Post your resume for employers to see,No,Get help in preparing for job interviews,Yes,Learn about strategies for finding a job,Yes,Find out how to get a work permit,Yes,"Find out about job openings (including work experience, internships and community service)",Yes,Get help preparing your resume,Yes,Improve your current job skills,Yes,Learn about the world of business,Yes,Learn new job skills,Yes,Improve your English skills (ESL),No,"Improve your reading, writing and math skills",No,Get information about schools and training programs,Yes,Prepare for a high school equivalency (HSE) exam,No,Learn about financial aid for training,Yes,Get help finding child care,Yes,Get help with living expenses while in training,Yes,Get information about employers in your local area,Yes,Assess your reading and math skills,Yes,Learn about jobs and careers suitable for you,Yes,Learn about what employers expect of their workers,Yes,Assess your career interests and skills,Yes,Learn about jobs in demand and rates of pay,Yes,Find out about summer learning opportunities,Yes,Get help in finding a summer job,Yes,Get outplacement services for employees you are laying off,Yes,"Get information on employment, wage and salary trends",Yes,Receive information on the Work Opportunity Tax Credit and other hiring incentives,Yes,Learn about legal requirements for hiring and firing workers,Yes,Learn about EEO and ADA requirements,Yes,Get your employee training needs analyzed,Yes,Learn about Unemployment Insurance taxes and eligibility rules,Yes,Get training costs reimbursed for qualified job candidates,No,Develop programs to train new workers for your business,Yes,Get help in analyzing and writing job descriptions,Yes,Learn how to interview job applicants effectively,Yes,Learn about strategies for recruiting workers,Yes,Have job applicants` skills tested,Yes,Get job applicants pre-screened,Yes,Get access to resumes posted by job applicants,Yes,Post your job openings,Yes,Have background checks conducted on job applicants,No,Use on-site facilities for recruiting and interviewing job applicants,Yes
MA,Center_Name,MassHire Fall River Career Center,Website,http://masshirebristolwb.org/jobseekers/,Google_Maps_Link,"https://www.google.com/maps/dir//446+North+Main+Street,Fall+River,MA+02720",Address,"446 North Main Street
Fall River, MA 02720",Phone,508-730-5000,E-mail Address,bviveiros@masshirebristol.org,Type of Office,Comprehensive One-Stop Career Centers,Office Level,Local,Veterans Employment Representative,Yes,Veterans Representative #1 Phone,508-730-5031,Veterans Rep. #1 E-mail Address,Erin.Campbell@detma.org,Business Representative Name,Anne Borges,Business Representative Email,aborges@masshirebristol.org,Business Representative Phone,508-730-5000,Parking Availability,yes,Public Transit Access,yes,Language  Capability,Services in English and Portuguese.,UI Filing Assistance Online Available,No,UI Filing Assistance from Staff Available,Yes,Career Resource Room,Yes,Telephones,Yes,Fax Machines,Yes,Copy Machine,Yes,On-site Childcare,No,Internet Access,Yes,Video Viewing Stations,No,Rooms where employers can interview job seekers,Yes,Personal Computers,Yes,Find out how to get a work permit,Yes,Learn about strategies for finding a job,Yes,Get help in preparing for job interviews,Yes,Get help preparing your resume,Yes,"Find out about job openings (including work experience, internships and community service)",Yes,Post your resume for employers to see,Yes,Learn new job skills,Yes,Prepare for a high school equivalency (HSE) exam,Yes,"Improve your reading, writing and math skills",Yes,Improve your English skills (ESL),Yes,Learn about the world of business,No,Improve your current job skills,Yes,Get information about schools and training programs,Yes,Get help finding child care,Yes,Get help with living expenses while in training,Yes,Learn about financial aid for training,Yes,Get information about employers in your local area,Yes,Learn about what employers expect of their workers,Yes,Assess your career interests,Yes,Learn about jobs and careers suitable for you,Yes,Learn about jobs in demand and rates of pay,Yes,Assess your reading and math skills,Yes,Get help in finding a summer job,Yes,Find out about summer learning opportunities,Yes,Learn about EEO and ADA requirements,Yes,"Get information on employment, wage and salary trends",Yes,Receive information on the Work Opportunity Tax Credit and other hiring incentives,Yes,Get your employee training needs analyzed,No,Get outplacement services for employees you are laying off,Yes,Learn about legal requirements for hiring and firing workers,Yes,Learn about Unemployment Insurance taxes and eligibility rules,Yes,Post your job openings,Yes,Get access to resumes posted by job applicants,Yes,Get training costs reimbursed for qualified job candidates,Yes,Develop programs to train new workers for your business,No,Get help in analyzing and writing job descriptions,Yes,Learn how to interview job applicants effectively,Yes,Learn about strategies for recruiting workers,Yes,Have background checks conducted on job applicants,No,Have job applicants` skills tested,Yes,Use on-site facilities for recruiting and interviewing job applicants,Yes,Get job applicants pre-screened,Yes
MA,Center_Name,MassHire Framingham Career Center,Website,https://etrcc.wordpress.com/,Google_Maps_Link,"https://www.google.com/maps/dir//1671+Worcester+Rd,Framingham,MA+01701",Address,"1671 Worcester Rd
Ste. 205
Framingham, MA 01701",Phone,,E-mail Address,agrant@masshiremsw.com,Type of Office,Comprehensive One-Stop Career Centers,Office Level,Local,Veterans Employment Representative,Yes,Veterans Representative #1 Phone,"508-861-7993, Ext. 732",Veterans Rep. #1 E-mail Address,darren.bradshaw@detma.org,Business Representative Name,"Jennifer McKenna, BSR / Eric Fernandez, BSR / Sean Marshall, BSR Manager",Business Representative Email,jennifer.dercole@detma.org; eric.fernandez@detma.org; smarshall@masshiremsw.com,Business Representative Phone,508-861-7993,Parking Availability,yes,Public Transit Access,yes,Language  Capability,Services in English and Spanish,UI Filing Assistance Online Available,No,UI Filing Assistance from Staff Available,Yes,Career Resource Room,Yes,Telephones,Yes,Fax Machines,Yes,Copy Machine,Yes,On-site Childcare,No,Internet Access,Yes,Video Viewing Stations,No,Rooms where employers can interview job seekers,Yes,Personal Computers,Yes,Find out how to get a work permit,No,Learn about strategies for finding a job,No,Get help in preparing for job interviews,No,Get help preparing your resume,No,"Find out about job openings (including work experience, internships and community service)",No,Post your resume for employers to see,No,Learn new job skills,No,Prepare for a high school equivalency (HSE) exam,No,"Improve your reading, writing and math skills",No,Improve your English skills (ESL),No,Learn about the world of business,No,Improve your current job skills,No,Get information about schools and training programs,No,Get help finding child care,No,Get help with living expenses while in training,No,Learn about financial aid for training,No,Get information about employers in your local area,Yes,Learn about what employers expect of their workers,Yes,Assess your career interests,Yes,Learn about jobs and careers suitable for you,Yes,Learn about jobs in demand and rates of pay,Yes,Assess your reading and math skills,Yes,Get help in finding a summer job,No,Find out about summer learning opportunities,No,Learn about EEO and ADA requirements,Yes,"Get information on employment, wage and salary trends",Yes,Receive information on the Work Opportunity Tax Credit and other hiring incentives,Yes,Get your employee training needs analyzed,Yes,Get outplacement services for employees you are laying off,Yes,Learn about legal requirements for hiring and firing workers,Yes,Learn about Unemployment Insurance taxes and eligibility rules,Yes,Post your job openings,Yes,Get access to resumes posted by job applicants,Yes,Get training costs reimbursed for qualified job candidates,Yes,Develop programs to train new workers for your business,Yes,Get help in analyzing and writing job descriptions,Yes,Learn how to interview job applicants effectively,Yes,Learn about strategies for recruiting workers,Yes,Have background checks conducted on job applicants,Yes,Have job applicants` skills tested,Yes,Use on-site facilities for recruiting and interviewing job applicants,Yes,Get job applicants pre-screened,Yes
MA,Center_Name,MassHire North Shore Career Center of Gloucester,Website,https://masshire-nscareers.org/jobseekers/,Google_Maps_Link,"https://www.google.com/maps/dir//5+Pleasant+Street,Gloucester,MA+01930",Address,"5 Pleasant Street
Gloucester, MA 01930",Phone,978-283-4772,E-mail Address,mwhitmore@masshire-nscareers.org,Type of Office,Affiliate One Stops,Office Level,Local,Veterans Employment Representative,Yes,Veterans Representative #1 Phone,781-691-7400,Business Representative Name,Charlene Snow,Business Representative Phone,781-691-7400,Parking Availability,yes,Public Transit Access,no,UI Filing Assistance Online Available,No,UI Filing Assistance from Staff Available,Yes,Telephones,Yes,Fax Machines,Yes,On-site Childcare,No,Video Viewing Stations,No,Rooms where employers can interview job seekers,Yes,Career Resource Room,Yes,Copy Machine,Yes,Personal Computers,Yes,Internet Access,Yes,Post your resume for employers to see,No,Get help in preparing for job interviews,Yes,Learn about strategies for finding a job,Yes,Find out how to get a work permit,Yes,"Find out about job openings (including work experience, internships and community service)",Yes,Get help preparing your resume,Yes,Improve your current job skills,Yes,Learn about the world of business,Yes,Learn new job skills,Yes,Improve your English skills (ESL),No,"Improve your reading, writing and math skills",Yes,Get information about schools and training programs,Yes,Prepare for a high school equivalency (HSE) exam,Yes,Learn about financial aid for training,No,Get help finding child care,Yes,Get help with living expenses while in training,Yes,Get information about employers in your local area,Yes,Assess your reading and math skills,Yes,Learn about jobs and careers suitable for you,Yes,Learn about what employers expect of their workers,Yes,Assess your career interests and skills,Yes,Learn about jobs in demand and rates of pay,Yes,Find out about summer learning opportunities,Yes,Get help in finding a summer job,Yes,Get outplacement services for employees you are laying off,Yes,"Get information on employment, wage and salary trends",Yes,Receive information on the Work Opportunity Tax Credit and other hiring incentives,Yes,Learn about legal requirements for hiring and firing workers,No,Learn about EEO and ADA requirements,Yes,Get your employee training needs analyzed,No,Learn about Unemployment Insurance taxes and eligibility rules,Yes,Get training costs reimbursed for qualified job candidates,Yes,Develop programs to train new workers for your business,Yes,Get help in analyzing and writing job descriptions,No,Learn how to interview job applicants effectively,Yes,Learn about strategies for recruiting workers,Yes,Have job applicants` skills tested,No,Get job applicants pre-screened,Yes,Get access to resumes posted by job applicants,Yes,Post your job openings,Yes,Have background checks conducted on job applicants,No,Use on-site facilities for recruiting and interviewing job applicants,Yes
MA,Center_Name,MassHire Franklin/Hampshire Career Center,Website,https://www.masshirefhcareers.org,Google_Maps_Link,"https://www.google.com/maps/dir//One+Arch+Place+(6+Arch+Street+for+GPS+use),Greenfield,MA+01301",Address,"One Arch Place (6 Arch Street for GPS use)
Suite 2
Greenfield, MA 01301",Phone,,E-mail Address,info@masshirefhcareers.org,Type of Office,Comprehensive One-Stop Career Centers,Office Level,Local,Veterans Employment Representative,Yes,Veterans Representative #1 Phone,"413-774-4361, Ext. 355",Veterans Rep. #1 E-mail Address,manderson@masshirefhcareers.org,Business Representative Name,Penni Menard &amp; Marlja Bolly,Business Representative Email,pmenard@masshirefhcareers.org; mbolly@masshirefhcareers.org,Business Representative Phone,"413-774-4361, Ext. 329/413-774-4361, Ext. 359",Parking Availability,yes,Public Transit Access,none,Language  Capability,English and Spanish,UI Filing Assistance Online Available,Yes,UI Filing Assistance from Staff Available,Yes,Career Resource Room,Yes,Telephones,Yes,Fax Machines,Yes,Copy Machine,Yes,On-site Childcare,No,Internet Access,Yes,Video Viewing Stations,No,Rooms where employers can interview job seekers,Yes,Personal Computers,Yes,Find out how to get a work permit,Yes,Learn about strategies for finding a job,Yes,Get help in preparing for job interviews,Yes,Get help preparing your resume,Yes,"Find out about job openings (including work experience, internships and community service)",Yes,Post your resume for employers to see,Yes,Learn new job skills,Yes,Prepare for a high school equivalency (HSE) exam,Yes,"Improve your reading, writing and math skills",Yes,Improve your English skills (ESL),Yes,Learn about the world of business,Yes,Improve your current job skills,Yes,Get information about schools and training programs,Yes,Get help finding child care,Yes,Get help with living expenses while in training,No,Learn about financial aid for training,Yes,Get information about employers in your local area,Yes,Learn about what employers expect of their workers,Yes,Assess your career interests,Yes,Learn about jobs and careers suitable for you,Yes,Learn about jobs in demand and rates of pay,Yes,Assess your reading and math skills,Yes,Get help in finding a summer job,Yes,Find out about summer learning opportunities,Yes,Learn about EEO and ADA requirements,Yes,"Get information on employment, wage and salary trends",Yes,Receive information on the Work Opportunity Tax Credit and other hiring incentives,Yes,Get your employee training needs analyzed,Yes,Get outplacement services for employees you are laying off,Yes,Learn about legal requirements for hiring and firing workers,Yes,Learn about Unemployment Insurance taxes and eligibility rules,Yes,Post your job openings,Yes,Get access to resumes posted by job applicants,Yes,Get training costs reimbursed for qualified job candidates,Yes,Develop programs to train new workers for your business,Yes,Get help in analyzing and writing job descriptions,Yes,Learn how to interview job applicants effectively,Yes,Learn about strategies for recruiting workers,Yes,Have background checks conducted on job applicants,No,Have job applicants` skills tested,Yes,Use on-site facilities for recruiting and interviewing job applicants,Yes,Get job applicants pre-screened,Yes
MA,Center_Name,MassHire ValleyWorks Career Center,Website,https://masshiremvcc.com/jobseekers/,Google_Maps_Link,"https://www.google.com/maps/dir//160+Merrimack+Street,Haverhill,MA+01830",Address,"160 Merrimack Street
Haverhill, MA 01830",Phone,978-241-4730,Type of Office,Affiliate One Stops,Office Level,Local,Veterans Employment Representative,Yes,Veterans Representative #1 Phone,978-241-4747,Veterans Rep. #1 E-mail Address,dylan.sims@detma.org,Business Representative Name,Eric Nelson,Business Representative Email,eric.nelson@detma.org,Business Representative Phone,978-722-7039,Parking Availability,,Public Transit Access,,Language  Capability,Services available in English and Spanish,UI Filing Assistance Online Available,No,UI Filing Assistance from Staff Available,Yes,Telephones,Yes,Fax Machines,Yes,On-site Childcare,No,Video Viewing Stations,No,Rooms where employers can interview job seekers,Yes,Career Resource Room,Yes,Copy Machine,Yes,Personal Computers,Yes,Internet Access,Yes,Post your resume for employers to see,No,Get help in preparing for job interviews,Yes,Learn about strategies for finding a job,Yes,Find out how to get a work permit,No,"Find out about job openings (including work experience, internships and community service)",Yes,Get help preparing your resume,Yes,Improve your current job skills,No,Learn about the world of business,Yes,Learn new job skills,No,Improve your English skills (ESL),Yes,"Improve your reading, writing and math skills",No,Get information about schools and training programs,Yes,Prepare for a high school equivalency (HSE) exam,No,Learn about financial aid for training,Yes,Get help finding child care,Yes,Get help with living expenses while in training,Yes,Get information about employers in your local area,No,Assess your reading and math skills,No,Learn about jobs and careers suitable for you,No,Learn about what employers expect of their workers,No,Assess your career interests and skills,No,Learn about jobs in demand and rates of pay,No,Find out about summer learning opportunities,No,Get help in finding a summer job,Yes,Get outplacement services for employees you are laying off,Yes,"Get information on employment, wage and salary trends",Yes,Receive information on the Work Opportunity Tax Credit and other hiring incentives,Yes,Learn about legal requirements for hiring and firing workers,No,Learn about EEO and ADA requirements,Yes,Get your employee training needs analyzed,No,Learn about Unemployment Insurance taxes and eligibility rules,Yes,Get training costs reimbursed for qualified job candidates,No,Develop programs to train new workers for your business,Yes,Get help in analyzing and writing job descriptions,Yes,Learn how to interview job applicants effectively,No,Learn about strategies for recruiting workers,No,Have job applicants` skills tested,Yes,Get job applicants pre-screened,Yes,Get access to resumes posted by job applicants,No,Post your job openings,Yes,Have background checks conducted on job applicants,Yes,Use on-site facilities for recruiting and interviewing job applicants,Yes
MA,Center_Name,MassHire Holyoke Career Center,Website,https://www.mass.gov/locations/masshire-holyoke-career-center,Google_Maps_Link,"https://www.google.com/maps/dir//850+High+Street,Holyoke,MA+01040",Address,"850 High Street
Holyoke, MA 01040",Phone,413-532-4900,E-mail Address,info@masshireholyoke.org,Type of Office,Comprehensive One-Stop Career Centers,Office Level,Local,Veterans Employment Representative,Yes,Veterans Representative #1 Phone,413-322-7147,Veterans Rep. #1 E-mail Address,tbd<br>,Business Representative Name,Yolanda Ruiz-Klopfer,Business Representative Email,yruiz@masshireholyoke.org,Business Representative Phone,413-322-7136,Parking Availability,yes,Public Transit Access,yes,Language  Capability,Services in English and Spanish.,UI Filing Assistance Online Available,Yes,UI Filing Assistance from Staff Available,No,Career Resource Room,Yes,Telephones,Yes,Fax Machines,Yes,Copy Machine,Yes,On-site Childcare,No,Internet Access,Yes,Video Viewing Stations,No,Rooms where employers can interview job seekers,Yes,Personal Computers,Yes,Find out how to get a work permit,Yes,Learn about strategies for finding a job,Yes,Get help in preparing for job interviews,Yes,Get help preparing your resume,Yes,"Find out about job openings (including work experience, internships and community service)",Yes,Post your resume for employers to see,No,Learn new job skills,Yes,Prepare for a high school equivalency (HSE) exam,Yes,"Improve your reading, writing and math skills",Yes,Improve your English skills (ESL),Yes,Learn about the world of business,Yes,Improve your current job skills,Yes,Get information about schools and training programs,Yes,Get help finding child care,No,Get help with living expenses while in training,No,Learn about financial aid for training,No,Get information about employers in your local area,Yes,Learn about what employers expect of their workers,Yes,Assess your career interests,Yes,Learn about jobs and careers suitable for you,Yes,Learn about jobs in demand and rates of pay,Yes,Assess your reading and math skills,Yes,Get help in finding a summer job,No,Find out about summer learning opportunities,No,Learn about EEO and ADA requirements,No,"Get information on employment, wage and salary trends",Yes,Receive information on the Work Opportunity Tax Credit and other hiring incentives,Yes,Get your employee training needs analyzed,No,Get outplacement services for employees you are laying off,Yes,Learn about legal requirements for hiring and firing workers,No,Learn about Unemployment Insurance taxes and eligibility rules,No,Post your job openings,Yes,Get access to resumes posted by job applicants,No,Get training costs reimbursed for qualified job candidates,No,Develop programs to train new workers for your business,No,Get help in analyzing and writing job descriptions,Yes,Learn how to interview job applicants effectively,No,Learn about strategies for recruiting workers,Yes,Have background checks conducted on job applicants,No,Have job applicants` skills tested,Yes,Use on-site facilities for recruiting and interviewing job applicants,Yes,Get job applicants pre-screened,Yes
MA,Center_Name,MassHire Cape and Islands Career Center Hyannis,Website,https://www.masshire-capeandislands.com/,Google_Maps_Link,"https://www.google.com/maps/dir//372+North+Street,Hyannis,MA+02601",Address,"372 North Street
Hyannis, MA 02601",Phone,,E-mail Address,info@masshire-capeandislands.com,Type of Office,Comprehensive One-Stop Career Centers,Office Level,Local,Veterans Employment Representative,Yes,Veterans Representative #1 Phone,508-862-6132,Veterans Rep. #1 E-mail Address,adrian.gunn@detma.org,Veterans Representative #2 Phone,508-862-6132,Business Representative Name,Joan Rezendes; Neila Neary; Catthie LeBlanc,Business Representative Email,jrezendes@jteccorp.com; nneary@masshire-capeandislands.com; cleblanc@masshire-capeandislands.com,Business Representative Phone,508-862-6166; 508-862-6134; 508-862-6128,Parking Availability,yes - in front of building,Public Transit Access,yes,Language  Capability,English and Spanish,UI Filing Assistance Online Available,Yes,UI Filing Assistance from Staff Available,Yes,Career Resource Room,Yes,Telephones,Yes,Fax Machines,Yes,Copy Machine,Yes,On-site Childcare,No,Internet Access,Yes,Video Viewing Stations,No,Rooms where employers can interview job seekers,Yes,Personal Computers,Yes,Find out how to get a work permit,Yes,Learn about strategies for finding a job,Yes,Get help in preparing for job interviews,Yes,Get help preparing your resume,Yes,"Find out about job openings (including work experience, internships and community service)",Yes,Post your resume for employers to see,Yes,Learn new job skills,Yes,Prepare for a high school equivalency (HSE) exam,Yes,"Improve your reading, writing and math skills",Yes,Improve your English skills (ESL),No,Learn about the world of business,Yes,Improve your current job skills,Yes,Get information about schools and training programs,Yes,Get help finding child care,Yes,Get help with living expenses while in training,Yes,Learn about financial aid for training,Yes,Get information about employers in your local area,Yes,Learn about what employers expect of their workers,Yes,Assess your career interests,Yes,Learn about jobs and careers suitable for you,Yes,Learn about jobs in demand and rates of pay,Yes,Assess your reading and math skills,Yes,Get help in finding a summer job,Yes,Find out about summer learning opportunities,No,Learn about EEO and ADA requirements,Yes,"Get information on employment, wage and salary trends",Yes,Receive information on the Work Opportunity Tax Credit and other hiring incentives,Yes,Get your employee training needs analyzed,No,Get outplacement services for employees you are laying off,Yes,Learn about legal requirements for hiring and firing workers,Yes,Learn about Unemployment Insurance taxes and eligibility rules,Yes,Post your job openings,Yes,Get access to resumes posted by job applicants,Yes,Get training costs reimbursed for qualified job candidates,Yes,Develop programs to train new workers for your business,Yes,Get help in analyzing and writing job descriptions,Yes,Learn how to interview job applicants effectively,Yes,Learn about strategies for recruiting workers,Yes,Have background checks conducted on job applicants,Yes,Have job applicants` skills tested,Yes,Use on-site facilities for recruiting and interviewing job applicants,Yes,Get job applicants pre-screened,Yes
MA,Center_Name,,Website,,Google_Maps_Link,"https://www.google.com/maps/dir//255+Essex+Street,Lawrence,MA+01840",Address,,Phone,,E-mail Address,lrohrer@masshiremvcc.com,Type of Office,Comprehensive One-Stop Career Centers,Office Level,Local,Veterans Employment Representative,Yes,Veterans Representative #1 Phone,978-722-7014,Veterans Rep. #1 E-mail Address,mitchell.gilbert@detma.org,Business Representative Name,Shirley Lusty,Business Representative Email,srochon@masshiremvcc.com,Business Representative Phone,978-722-7008,Parking Availability,yes,Public Transit Access,yes,Language  Capability,Services available in English and Spanish,UI Filing Assistance Online Available,No,UI Filing Assistance from Staff Available,Yes,Career Resource Room,Yes,Telephones,Yes,Fax Machines,Yes,Copy Machine,Yes,On-site Childcare,No,Internet Access,Yes,Video Viewing Stations,No,Rooms where employers can interview job seekers,Yes,Personal Computers,Yes,Find out how to get a work permit,No,Learn about strategies for finding a job,Yes,Get help in preparing for job interviews,Yes,Get help preparing your resume,Yes,"Find out about job openings (including work experience, internships and community service)",Yes,Post your resume for employers to see,No,Learn new job skills,No,Prepare for a high school equivalency (HSE) exam,No,"Improve your reading, writing and math skills",No,Improve your English skills (ESL),Yes,Learn about the world of business,Yes,Improve your current job skills,No,Get information about schools and training programs,Yes,Get help finding child care,Yes,Get help with living expenses while in training,Yes,Learn about financial aid for training,Yes,Get information about employers in your local area,Yes,Learn about what employers expect of their workers,Yes,Assess your career interests,Yes,Learn about jobs and careers suitable for you,Yes,Learn about jobs in demand and rates of pay,Yes,Assess your reading and math skills,Yes,Get help in finding a summer job,Yes,Find out about summer learning opportunities,No,Learn about EEO and ADA requirements,Yes,"Get information on employment, wage and salary trends",Yes,Receive information on the Work Opportunity Tax Credit and other hiring incentives,Yes,Get your employee training needs analyzed,No,Get outplacement services for employees you are laying off,Yes,Learn about legal requirements for hiring and firing workers,No,Learn about Unemployment Insurance taxes and eligibility rules,Yes,Post your job openings,Yes,Get access to resumes posted by job applicants,No,Get training costs reimbursed for qualified job candidates,No,Develop programs to train new workers for your business,Yes,Get help in analyzing and writing job descriptions,Yes,Learn how to interview job applicants effectively,No,Learn about strategies for recruiting workers,No,Have background checks conducted on job applicants,Yes,Have job applicants` skills tested,Yes,Use on-site facilities for recruiting and interviewing job applicants,Yes,Get job applicants pre-screened,Yes
MA,Center_Name,MassHire North Central Career Center,Website,https://masshirenorthcentralcc.com/career-guidance/,Google_Maps_Link,"https://www.google.com/maps/dir//100+Erdman+Way,Leominster,MA+01453",Address,"100 Erdman Way
Leominster, MA 01453",Phone,978-534-1481,E-mail Address,www.masshirenorthcentralcc.com<br>,Type of Office,Comprehensive One-Stop Career Centers,Office Level,Local,Veterans Employment Representative,Yes,Veterans Representative #1 Phone,"978-534-1481, Ext. 233",Veterans Rep. #1 E-mail Address,RDumont@masshirenorthcentralcc.com,Veterans Representative #2 Phone,978-534-1481 ext 226,Veterans Rep. #2 E-mail Address,Bandrews@masshirenorthcentralcc.com,Business Representative Name,Scott Percifull,Business Representative Email,spercifull@ccncm.com,Business Representative Phone,"978-534-1481, Ext. 209",Parking Availability,yes,Public Transit Access,yes - bus line,Language  Capability,"Services in English, Spanish",UI Filing Assistance Online Available,Yes,UI Filing Assistance from Staff Available,Yes,Career Resource Room,Yes,Telephones,Yes,Fax Machines,Yes,Copy Machine,Yes,On-site Childcare,No,Internet Access,Yes,Video Viewing Stations,Yes,Rooms where employers can interview job seekers,Yes,Personal Computers,Yes,Find out how to get a work permit,Yes,Learn about strategies for finding a job,Yes,Get help in preparing for job interviews,Yes,Get help preparing your resume,Yes,"Find out about job openings (including work experience, internships and community service)",Yes,Post your resume for employers to see,Yes,Learn new job skills,Yes,Prepare for a high school equivalency (HSE) exam,Yes,"Improve your reading, writing and math skills",Yes,Improve your English skills (ESL),Yes,Learn about the world of business,Yes,Improve your current job skills,Yes,Get information about schools and training programs,Yes,Get help finding child care,Yes,Get help with living expenses while in training,Yes,Learn about financial aid for training,Yes,Get information about employers in your local area,Yes,Learn about what employers expect of their workers,Yes,Assess your career interests,Yes,Learn about jobs and careers suitable for you,Yes,Learn about jobs in demand and rates of pay,Yes,Assess your reading and math skills,Yes,Get help in finding a summer job,Yes,Find out about summer learning opportunities,Yes,Learn about EEO and ADA requirements,Yes,"Get information on employment, wage and salary trends",Yes,Receive information on the Work Opportunity Tax Credit and other hiring incentives,Yes,Get your employee training needs analyzed,Yes,Get outplacement services for employees you are laying off,Yes,Learn about legal requirements for hiring and firing workers,Yes,Learn about Unemployment Insurance taxes and eligibility rules,Yes,Post your job openings,Yes,Get access to resumes posted by job applicants,Yes,Get training costs reimbursed for qualified job candidates,Yes,Develop programs to train new workers for your business,Yes,Get help in analyzing and writing job descriptions,Yes,Learn how to interview job applicants effectively,Yes,Learn about strategies for recruiting workers,Yes,Have background checks conducted on job applicants,No,Have job applicants` skills tested,Yes,Use on-site facilities for recruiting and interviewing job applicants,Yes,Get job applicants pre-screened,Yes
MA,Center_Name,MassHire Lowell Career Center,Website,https://www.mass.gov/locations/masshire-greater-lowell-career-center,Google_Maps_Link,"https://www.google.com/maps/dir//107+Merrimack+Street,Lowell,MA+01852",Address,"107 Merrimack Street
Lowell, MA 01852",Phone,978-458-2503,E-mail Address,Shannon.Norton@masshirelowellcc.com,Type of Office,Comprehensive One-Stop Career Centers,Office Level,Local,Veterans Employment Representative,Yes,Veterans Representative #1 Phone,978-805-4737,Veterans Rep. #1 E-mail Address,Juliet.Nelson@MassHireLowellcc.com,Business Representative Name,Marianne Segool,Business Representative Email,businessinfo@masshirelowellcc.com,Business Representative Phone,978-805-4702,Parking Availability,yes,Public Transit Access,yes,Language  Capability,"English for all services. Portguese, Spanish and Khmer for Resource Room Services.",UI Filing Assistance Online Available,No,UI Filing Assistance from Staff Available,Yes,Career Resource Room,Yes,Telephones,Yes,Fax Machines,Yes,Copy Machine,Yes,On-site Childcare,No,Internet Access,Yes,Video Viewing Stations,No,Rooms where employers can interview job seekers,Yes,Personal Computers,Yes,Find out how to get a work permit,Yes,Learn about strategies for finding a job,Yes,Get help in preparing for job interviews,Yes,Get help preparing your resume,Yes,"Find out about job openings (including work experience, internships and community service)",Yes,Post your resume for employers to see,Yes,Learn new job skills,No,Prepare for a high school equivalency (HSE) exam,No,"Improve your reading, writing and math skills",No,Improve your English skills (ESL),No,Learn about the world of business,Yes,Improve your current job skills,No,Get information about schools and training programs,No,Get help finding child care,No,Get help with living expenses while in training,No,Learn about financial aid for training,No,Get information about employers in your local area,Yes,Learn about what employers expect of their workers,Yes,Assess your career interests,Yes,Learn about jobs and careers suitable for you,Yes,Learn about jobs in demand and rates of pay,Yes,Assess your reading and math skills,Yes,Get help in finding a summer job,No,Find out about summer learning opportunities,No,Learn about EEO and ADA requirements,Yes,"Get information on employment, wage and salary trends",Yes,Receive information on the Work Opportunity Tax Credit and other hiring incentives,Yes,Get your employee training needs analyzed,No,Get outplacement services for employees you are laying off,Yes,Learn about legal requirements for hiring and firing workers,No,Learn about Unemployment Insurance taxes and eligibility rules,Yes,Post your job openings,Yes,Get access to resumes posted by job applicants,Yes,Get training costs reimbursed for qualified job candidates,No,Develop programs to train new workers for your business,No,Get help in analyzing and writing job descriptions,No,Learn how to interview job applicants effectively,No,Learn about strategies for recruiting workers,Yes,Have background checks conducted on job applicants,No,Have job applicants` skills tested,No,Use on-site facilities for recruiting and interviewing job applicants,Yes,Get job applicants pre-screened,Yes
MA,Center_Name,North Shore Community College - Career Services,Website,https://www.northshore.edu/career-services/placement.html,Google_Maps_Link,"https://www.google.com/maps/dir//300+Broad+Street,Lynn,MA+01902",Address,"300 Broad Street
Room LE-102
Lynn, MA 01902",Phone,781-477-2167,E-mail Address,mwhitmore@masshire-nscareers.org,Type of Office,Affiliate One Stops,Office Level,Local,Veterans Employment Representative,No,UI Filing Assistance Online Available,No,UI Filing Assistance from Staff Available,No,Telephones,No,Fax Machines,No,On-site Childcare,No,Video Viewing Stations,No,Rooms where employers can interview job seekers,No,Career Resource Room,Yes,Copy Machine,No,Personal Computers,No,Internet Access,No,Post your resume for employers to see,Yes,Get help in preparing for job interviews,Yes,Learn about strategies for finding a job,Yes,Find out how to get a work permit,No,"Find out about job openings (including work experience, internships and community service)",Yes,Get help preparing your resume,Yes,Improve your current job skills,No,Learn about the world of business,No,Learn new job skills,No,Improve your English skills (ESL),No,"Improve your reading, writing and math skills",No,Get information about schools and training programs,No,Prepare for a high school equivalency (HSE) exam,No,Learn about financial aid for training,No,Get help finding child care,No,Get help with living expenses while in training,No,Get information about employers in your local area,No,Assess your reading and math skills,No,Learn about jobs and careers suitable for you,No,Learn about what employers expect of their workers,No,Assess your career interests and skills,No,Learn about jobs in demand and rates of pay,No,Find out about summer learning opportunities,No,Get help in finding a summer job,No,Get outplacement services for employees you are laying off,No,"Get information on employment, wage and salary trends",No,Receive information on the Work Opportunity Tax Credit and other hiring incentives,No,Learn about legal requirements for hiring and firing workers,No,Learn about EEO and ADA requirements,No,Get your employee training needs analyzed,No,Learn about Unemployment Insurance taxes and eligibility rules,No,Get training costs reimbursed for qualified job candidates,No,Develop programs to train new workers for your business,No,Get help in analyzing and writing job descriptions,No,Learn how to interview job applicants effectively,No,Learn about strategies for recruiting workers,No,Have job applicants` skills tested,No,Get job applicants pre-screened,No,Get access to resumes posted by job applicants,Yes,Post your job openings,Yes,Have background checks conducted on job applicants,No,Use on-site facilities for recruiting and interviewing job applicants,No
MA,Center_Name,MassHire Greater New Bedford Career Center,Website,https://masshirecentralcc.com/jobseekers/,Google_Maps_Link,"https://www.google.com/maps/dir//618+Acushnet+Avenue,New+Bedford,MA+02740",Address,"618 Acushnet Avenue
New Bedford, MA 02740",Phone,508-990-4000,E-mail Address,jdaniels@masshiregnbcc.com,Type of Office,Comprehensive One-Stop Career Centers,Office Level,Local,Veterans Employment Representative,Yes,Veterans Representative #1 Phone,508-990-4141,Veterans Rep. #1 E-mail Address,matt.sutton@state.ma.us,Business Representative Name,Sharon Martin,Business Representative Email,sharon.martin@massmail.state.ma.us,Business Representative Phone,508-990-4115,Parking Availability,yes,Public Transit Access,free bus service from downtown,Language  Capability,"Services available in English, Portuguese and Spanish.",UI Filing Assistance Online Available,Yes,UI Filing Assistance from Staff Available,Yes,Career Resource Room,Yes,Telephones,Yes,Fax Machines,Yes,Copy Machine,Yes,On-site Childcare,No,Internet Access,Yes,Video Viewing Stations,No,Rooms where employers can interview job seekers,Yes,Personal Computers,Yes,Find out how to get a work permit,Yes,Learn about strategies for finding a job,Yes,Get help in preparing for job interviews,Yes,Get help preparing your resume,Yes,"Find out about job openings (including work experience, internships and community service)",Yes,Post your resume for employers to see,Yes,Learn new job skills,Yes,Prepare for a high school equivalency (HSE) exam,Yes,"Improve your reading, writing and math skills",Yes,Improve your English skills (ESL),Yes,Learn about the world of business,Yes,Improve your current job skills,Yes,Get information about schools and training programs,Yes,Get help finding child care,Yes,Get help with living expenses while in training,No,Learn about financial aid for training,Yes,Get information about employers in your local area,Yes,Learn about what employers expect of their workers,Yes,Assess your career interests,Yes,Learn about jobs and careers suitable for you,Yes,Learn about jobs in demand and rates of pay,Yes,Assess your reading and math skills,Yes,Get help in finding a summer job,Yes,Find out about summer learning opportunities,Yes,Learn about EEO and ADA requirements,Yes,"Get information on employment, wage and salary trends",Yes,Receive information on the Work Opportunity Tax Credit and other hiring incentives,Yes,Get your employee training needs analyzed,Yes,Get outplacement services for employees you are laying off,Yes,Learn about legal requirements for hiring and firing workers,Yes,Learn about Unemployment Insurance taxes and eligibility rules,Yes,Post your job openings,Yes,Get access to resumes posted by job applicants,Yes,Get training costs reimbursed for qualified job candidates,Yes,Develop programs to train new workers for your business,Yes,Get help in analyzing and writing job descriptions,Yes,Learn how to interview job applicants effectively,Yes,Learn about strategies for recruiting workers,Yes,Have background checks conducted on job applicants,No,Have job applicants` skills tested,Yes,Use on-site facilities for recruiting and interviewing job applicants,Yes,Get job applicants pre-screened,Yes
MA,Center_Name,MassHire Berkshire Career Center,Website,https://www.mass.gov/locations/masshire-berkshire-career-center,Google_Maps_Link,"https://www.google.com/maps/dir//160+North+Street,Pittsfield,MA+01201",Address,"160 North Street
Pittsfield, MA 01201",Phone,413-499-2220,E-mail Address,masshireberkshirecc.com<br>,Type of Office,Comprehensive One-Stop Career Centers,Office Level,Local,Veterans Employment Representative,Yes,Veterans Representative #1 Phone,"413-499-2220, Ext. 211",Veterans Rep. #1 E-mail Address,dnash@detma.org,Business Representative Name,Melanie Herzig,Business Representative Email,mherzig@masshireberkshirecc.com,Business Representative Phone,"413-499-2220, Ext. 124",Parking Availability,yes,Public Transit Access,yes,Language  Capability,"Services in English, Spanish",UI Filing Assistance Online Available,No,UI Filing Assistance from Staff Available,Yes,Career Resource Room,Yes,Telephones,Yes,Fax Machines,Yes,Copy Machine,Yes,On-site Childcare,No,Internet Access,Yes,Video Viewing Stations,Yes,Rooms where employers can interview job seekers,Yes,Personal Computers,Yes,Find out how to get a work permit,Yes,Learn about strategies for finding a job,Yes,Get help in preparing for job interviews,Yes,Get help preparing your resume,Yes,"Find out about job openings (including work experience, internships and community service)",Yes,Post your resume for employers to see,Yes,Learn new job skills,Yes,Prepare for a high school equivalency (HSE) exam,Yes,"Improve your reading, writing and math skills",Yes,Improve your English skills (ESL),Yes,Learn about the world of business,Yes,Improve your current job skills,Yes,Get information about schools and training programs,Yes,Get help finding child care,Yes,Get help with living expenses while in training,Yes,Learn about financial aid for training,Yes,Get information about employers in your local area,Yes,Learn about what employers expect of their workers,Yes,Assess your career interests,Yes,Learn about jobs and careers suitable for you,Yes,Learn about jobs in demand and rates of pay,Yes,Assess your reading and math skills,Yes,Get help in finding a summer job,Yes,Find out about summer learning opportunities,Yes,Learn about EEO and ADA requirements,Yes,"Get information on employment, wage and salary trends",Yes,Receive information on the Work Opportunity Tax Credit and other hiring incentives,Yes,Get your employee training needs analyzed,No,Get outplacement services for employees you are laying off,Yes,Learn about legal requirements for hiring and firing workers,Yes,Learn about Unemployment Insurance taxes and eligibility rules,Yes,Post your job openings,Yes,Get access to resumes posted by job applicants,Yes,Get training costs reimbursed for qualified job candidates,Yes,Develop programs to train new workers for your business,Yes,Get help in analyzing and writing job descriptions,Yes,Learn how to interview job applicants effectively,No,Learn about strategies for recruiting workers,Yes,Have background checks conducted on job applicants,No,Have job applicants` skills tested,Yes,Use on-site facilities for recruiting and interviewing job applicants,Yes,Get job applicants pre-screened,Yes
MA,Center_Name,,Website,https://www.masshiresouthshorewb.com/south-shore-career-centers/,Google_Maps_Link,"https://www.google.com/maps/dir//1515+Hancock+Street,Quincy,MA+02169",Address,"1515 Hancock Street
Suite 101
Quincy, MA 02169",Phone,617-745-4000,E-mail Address,cfolan@masshiresouthshorecc.com,Type of Office,Comprehensive One-Stop Career Centers,Office Level,Local,Veterans Employment Representative,Yes,Veterans Representative #1 Phone,617-745-4060,Veterans Representative #2 Phone,617-745-4024,Business Representative Name,Cheryl Alexis,Business Representative Email,calexis@masshiresouthshorecc.com,Business Representative Phone,617-745-4019,Parking Availability,yes,Public Transit Access,walking distance,Language  Capability,"Services in English, Chinese and Vietnamese.",UI Filing Assistance Online Available,No,UI Filing Assistance from Staff Available,Yes,Career Resource Room,Yes,Telephones,Yes,Fax Machines,Yes,Copy Machine,Yes,On-site Childcare,No,Internet Access,Yes,Video Viewing Stations,Yes,Rooms where employers can interview job seekers,Yes,Personal Computers,Yes,Find out how to get a work permit,Yes,Learn about strategies for finding a job,Yes,Get help in preparing for job interviews,Yes,Get help preparing your resume,Yes,"Find out about job openings (including work experience, internships and community service)",Yes,Post your resume for employers to see,Yes,Learn new job skills,No,Prepare for a high school equivalency (HSE) exam,No,"Improve your reading, writing and math skills",No,Improve your English skills (ESL),No,Learn about the world of business,Yes,Improve your current job skills,No,Get information about schools and training programs,Yes,Get help finding child care,Yes,Get help with living expenses while in training,No,Learn about financial aid for training,Yes,Get information about employers in your local area,Yes,Learn about what employers expect of their workers,Yes,Assess your career interests,Yes,Learn about jobs and careers suitable for you,Yes,Learn about jobs in demand and rates of pay,Yes,Assess your reading and math skills,Yes,Get help in finding a summer job,Yes,Find out about summer learning opportunities,No,Learn about EEO and ADA requirements,Yes,"Get information on employment, wage and salary trends",Yes,Receive information on the Work Opportunity Tax Credit and other hiring incentives,Yes,Get your employee training needs analyzed,No,Get outplacement services for employees you are laying off,Yes,Learn about legal requirements for hiring and firing workers,No,Learn about Unemployment Insurance taxes and eligibility rules,Yes,Post your job openings,Yes,Get access to resumes posted by job applicants,Yes,Get training costs reimbursed for qualified job candidates,Yes,Develop programs to train new workers for your business,No,Get help in analyzing and writing job descriptions,Yes,Learn how to interview job applicants effectively,No,Learn about strategies for recruiting workers,Yes,Have background checks conducted on job applicants,No,Have job applicants` skills tested,Yes,Use on-site facilities for recruiting and interviewing job applicants,Yes,Get job applicants pre-screened,Yes
MA,Center_Name,MassHire North Shore Career Center,Website,https://masshire-nscareers.org/jobseekers/,Google_Maps_Link,"https://www.google.com/maps/dir//70+Washington+Street,Salem,MA+01970",Address,"70 Washington Street
1st Floor
Salem, MA 01970",Phone,978-825-7200,Type of Office,Comprehensive One-Stop Career Centers,Office Level,Local,Veterans Employment Representative,Yes,Veterans Representative #1 Phone,978-825-7207,Veterans Rep. #1 E-mail Address,ayee@masshire-nscareers.org,Business Representative Name,Paul Ventresca,Business Representative Email,pventresca@masshire-nscareers.org,Business Representative Phone,781-691-7412,Parking Availability,yes,Public Transit Access,yes,Language  Capability,Services in Spanish and English,UI Filing Assistance Online Available,Yes,UI Filing Assistance from Staff Available,Yes,Career Resource Room,Yes,Telephones,Yes,Fax Machines,Yes,Copy Machine,Yes,On-site Childcare,No,Internet Access,Yes,Video Viewing Stations,No,Rooms where employers can interview job seekers,Yes,Personal Computers,Yes,Find out how to get a work permit,Yes,Learn about strategies for finding a job,Yes,Get help in preparing for job interviews,Yes,Get help preparing your resume,Yes,"Find out about job openings (including work experience, internships and community service)",Yes,Post your resume for employers to see,No,Learn new job skills,Yes,Prepare for a high school equivalency (HSE) exam,Yes,"Improve your reading, writing and math skills",Yes,Improve your English skills (ESL),No,Learn about the world of business,Yes,Improve your current job skills,Yes,Get information about schools and training programs,Yes,Get help finding child care,Yes,Get help with living expenses while in training,Yes,Learn about financial aid for training,No,Get information about employers in your local area,Yes,Learn about what employers expect of their workers,Yes,Assess your career interests,Yes,Learn about jobs and careers suitable for you,Yes,Learn about jobs in demand and rates of pay,Yes,Assess your reading and math skills,Yes,Get help in finding a summer job,Yes,Find out about summer learning opportunities,Yes,Learn about EEO and ADA requirements,Yes,"Get information on employment, wage and salary trends",Yes,Receive information on the Work Opportunity Tax Credit and other hiring incentives,Yes,Get your employee training needs analyzed,No,Get outplacement services for employees you are laying off,Yes,Learn about legal requirements for hiring and firing workers,Yes,Learn about Unemployment Insurance taxes and eligibility rules,Yes,Post your job openings,Yes,Get access to resumes posted by job applicants,Yes,Get training costs reimbursed for qualified job candidates,Yes,Develop programs to train new workers for your business,Yes,Get help in analyzing and writing job descriptions,No,Learn how to interview job applicants effectively,Yes,Learn about strategies for recruiting workers,Yes,Have background checks conducted on job applicants,No,Have job applicants` skills tested,No,Use on-site facilities for recruiting and interviewing job applicants,Yes,Get job applicants pre-screened,Yes
MA,Center_Name,MassHire-North Shore Youth Career Center,Website,https://masshire-nscareers.org/jobseekers/,Google_Maps_Link,"https://www.google.com/maps/dir//70+Washington+Street,Salem,MA+01970",Address,"70 Washington Street
(temporary location)
Salem, MA 01970",Phone,781-691-7430,E-mail Address,masshire-nscareers.org<br>,Type of Office,Affiliate One Stops,Office Level,Local,Veterans Employment Representative,No,Business Representative Name,Robert Fraizer,Business Representative Email,rfraizer@masshire-nscareers.org,Business Representative Phone,781-691-7437,Parking Availability,,Public Transit Access,,UI Filing Assistance Online Available,No,UI Filing Assistance from Staff Available,No,Telephones,No,Fax Machines,No,On-site Childcare,No,Video Viewing Stations,No,Rooms where employers can interview job seekers,No,Career Resource Room,Yes,Copy Machine,No,Personal Computers,No,Internet Access,No,Post your resume for employers to see,Yes,Get help in preparing for job interviews,Yes,Learn about strategies for finding a job,Yes,Find out how to get a work permit,No,"Find out about job openings (including work experience, internships and community service)",Yes,Get help preparing your resume,Yes,Improve your current job skills,Yes,Learn about the world of business,No,Learn new job skills,Yes,Improve your English skills (ESL),Yes,"Improve your reading, writing and math skills",No,Get information about schools and training programs,No,Prepare for a high school equivalency (HSE) exam,Yes,Learn about financial aid for training,No,Get help finding child care,No,Get help with living expenses while in training,No,Get information about employers in your local area,Yes,Assess your reading and math skills,No,Learn about jobs and careers suitable for you,No,Learn about what employers expect of their workers,No,Assess your career interests and skills,Yes,Learn about jobs in demand and rates of pay,No,Find out about summer learning opportunities,No,Get help in finding a summer job,No,Get outplacement services for employees you are laying off,No,"Get information on employment, wage and salary trends",No,Receive information on the Work Opportunity Tax Credit and other hiring incentives,No,Learn about legal requirements for hiring and firing workers,No,Learn about EEO and ADA requirements,No,Get your employee training needs analyzed,No,Learn about Unemployment Insurance taxes and eligibility rules,No,Get training costs reimbursed for qualified job candidates,No,Develop programs to train new workers for your business,No,Get help in analyzing and writing job descriptions,No,Learn how to interview job applicants effectively,No,Learn about strategies for recruiting workers,No,Have job applicants` skills tested,No,Get job applicants pre-screened,No,Get access to resumes posted by job applicants,No,Post your job openings,No,Have background checks conducted on job applicants,No,Use on-site facilities for recruiting and interviewing job applicants,No
MA,Center_Name,MassHire Southbridge Career Center,Website,https://masshirecentralcc.com/jobseekers/,Google_Maps_Link,"https://www.google.com/maps/dir//5+Optical+Drive,Southbridge,MA+01550",Address,"5 Optical Drive
Suite 200
Southbridge, MA 01550",Phone,508-765-6430,Type of Office,Comprehensive One-Stop Career Centers,Office Level,Local,Veterans Employment Representative,Yes,Veterans Representative #1 Phone,508-765-6430 ext. 55317,Veterans Rep. #1 E-mail Address,Michael.Hess@massmail.state.ma.us,Business Representative Name,Donna Joyce,Business Representative Email,donna.joyce@massmail.state.ma.us,Business Representative Phone,"508-765-6430, Ext. 55313",Parking Availability,yes,Public Transit Access,no,Language  Capability,Services in English and Spanish.,UI Filing Assistance Online Available,Yes,UI Filing Assistance from Staff Available,Yes,Career Resource Room,Yes,Telephones,Yes,Fax Machines,Yes,Copy Machine,Yes,On-site Childcare,No,Internet Access,Yes,Video Viewing Stations,Yes,Rooms where employers can interview job seekers,Yes,Personal Computers,Yes,Find out how to get a work permit,Yes,Learn about strategies for finding a job,Yes,Get help in preparing for job interviews,Yes,Get help preparing your resume,Yes,"Find out about job openings (including work experience, internships and community service)",Yes,Post your resume for employers to see,Yes,Learn new job skills,Yes,Prepare for a high school equivalency (HSE) exam,No,"Improve your reading, writing and math skills",No,Improve your English skills (ESL),No,Learn about the world of business,Yes,Improve your current job skills,Yes,Get information about schools and training programs,Yes,Get help finding child care,Yes,Get help with living expenses while in training,Yes,Learn about financial aid for training,Yes,Get information about employers in your local area,Yes,Learn about what employers expect of their workers,Yes,Assess your career interests,Yes,Learn about jobs and careers suitable for you,Yes,Learn about jobs in demand and rates of pay,Yes,Assess your reading and math skills,Yes,Get help in finding a summer job,Yes,Find out about summer learning opportunities,No,Learn about EEO and ADA requirements,No,"Get information on employment, wage and salary trends",No,Receive information on the Work Opportunity Tax Credit and other hiring incentives,No,Get your employee training needs analyzed,No,Get outplacement services for employees you are laying off,No,Learn about legal requirements for hiring and firing workers,No,Learn about Unemployment Insurance taxes and eligibility rules,No,Post your job openings,Yes,Get access to resumes posted by job applicants,Yes,Get training costs reimbursed for qualified job candidates,No,Develop programs to train new workers for your business,No,Get help in analyzing and writing job descriptions,No,Learn how to interview job applicants effectively,No,Learn about strategies for recruiting workers,No,Have background checks conducted on job applicants,No,Have job applicants` skills tested,Yes,Use on-site facilities for recruiting and interviewing job applicants,Yes,Get job applicants pre-screened,No
MA,Center_Name,MassHire Springfield Career Center,Website,https://masshirehcwb.com/,Google_Maps_Link,"https://www.google.com/maps/dir//95+Liberty+Street,+3rd+Floor,Springfield,MA+01103",Address,"95 Liberty Street, 3rd Floor
Springfield, MA 01103",Phone,413-858-2800,E-mail Address,admin@masshirespringfield.org,Type of Office,Comprehensive One-Stop Career Centers,Office Level,Local,Veterans Employment Representative,Yes,Veterans Representative #1 Phone,413-858-2842,Veterans Rep. #1 E-mail Address,prurak@masshirespringfield.org,Business Representative Name,Quentin Murray,Business Representative Email,qmurray@masshirespringfield.org,Business Representative Phone,413-858-2854,Parking Availability,yes,Public Transit Access,yes,Language  Capability,Spanish/Russian,UI Filing Assistance Online Available,Yes,UI Filing Assistance from Staff Available,Yes,Career Resource Room,Yes,Telephones,Yes,Fax Machines,Yes,Copy Machine,Yes,On-site Childcare,No,Internet Access,Yes,Video Viewing Stations,Yes,Rooms where employers can interview job seekers,Yes,Personal Computers,Yes,Find out how to get a work permit,Yes,Learn about strategies for finding a job,Yes,Get help in preparing for job interviews,Yes,Get help preparing your resume,Yes,"Find out about job openings (including work experience, internships and community service)",Yes,Post your resume for employers to see,No,Learn new job skills,Yes,Prepare for a high school equivalency (HSE) exam,Yes,"Improve your reading, writing and math skills",Yes,Improve your English skills (ESL),Yes,Learn about the world of business,Yes,Improve your current job skills,Yes,Get information about schools and training programs,Yes,Get help finding child care,No,Get help with living expenses while in training,No,Learn about financial aid for training,Yes,Get information about employers in your local area,Yes,Learn about what employers expect of their workers,Yes,Assess your career interests,Yes,Learn about jobs and careers suitable for you,Yes,Learn about jobs in demand and rates of pay,Yes,Assess your reading and math skills,Yes,Get help in finding a summer job,Yes,Find out about summer learning opportunities,Yes,Learn about EEO and ADA requirements,Yes,"Get information on employment, wage and salary trends",Yes,Receive information on the Work Opportunity Tax Credit and other hiring incentives,Yes,Get your employee training needs analyzed,Yes,Get outplacement services for employees you are laying off,Yes,Learn about legal requirements for hiring and firing workers,Yes,Learn about Unemployment Insurance taxes and eligibility rules,Yes,Post your job openings,Yes,Get access to resumes posted by job applicants,Yes,Get training costs reimbursed for qualified job candidates,Yes,Develop programs to train new workers for your business,Yes,Get help in analyzing and writing job descriptions,No,Learn how to interview job applicants effectively,Yes,Learn about strategies for recruiting workers,Yes,Have background checks conducted on job applicants,No,Have job applicants` skills tested,Yes,Use on-site facilities for recruiting and interviewing job applicants,Yes,Get job applicants pre-screened,Yes
MA,Center_Name,MassHire Taunton Career Center,Website,http://masshirebristolwb.org/jobseekers/,Google_Maps_Link,"https://www.google.com/maps/dir//72+School+Street,Taunton,MA+02780",Address,"72 School Street
Taunton, MA 02780",Phone,508-977-1400,Type of Office,Comprehensive One-Stop Career Centers,Office Level,Local,Veterans Employment Representative,Yes,Veterans Representative #2 Phone,508-977-1427,Veterans Rep. #2 E-mail Address,Erin.Campbell@detma.org,Parking Availability,yes,Public Transit Access,no,UI Filing Assistance Online Available,No,UI Filing Assistance from Staff Available,Yes,Career Resource Room,Yes,Telephones,Yes,Fax Machines,Yes,Copy Machine,Yes,On-site Childcare,No,Internet Access,Yes,Video Viewing Stations,Yes,Rooms where employers can interview job seekers,Yes,Personal Computers,Yes,Find out how to get a work permit,Yes,Learn about strategies for finding a job,Yes,Get help in preparing for job interviews,Yes,Get help preparing your resume,Yes,"Find out about job openings (including work experience, internships and community service)",Yes,Post your resume for employers to see,Yes,Learn new job skills,Yes,Prepare for a high school equivalency (HSE) exam,Yes,"Improve your reading, writing and math skills",Yes,Improve your English skills (ESL),Yes,Learn about the world of business,No,Improve your current job skills,Yes,Get information about schools and training programs,Yes,Get help finding child care,Yes,Get help with living expenses while in training,Yes,Learn about financial aid for training,Yes,Get information about employers in your local area,Yes,Learn about what employers expect of their workers,Yes,Assess your career interests,Yes,Learn about jobs and careers suitable for you,Yes,Learn about jobs in demand and rates of pay,Yes,Assess your reading and math skills,Yes,Get help in finding a summer job,Yes,Find out about summer learning opportunities,Yes,Learn about EEO and ADA requirements,Yes,"Get information on employment, wage and salary trends",Yes,Receive information on the Work Opportunity Tax Credit and other hiring incentives,Yes,Get your employee training needs analyzed,No,Get outplacement services for employees you are laying off,Yes,Learn about legal requirements for hiring and firing workers,Yes,Learn about Unemployment Insurance taxes and eligibility rules,Yes,Post your job openings,Yes,Get access to resumes posted by job applicants,Yes,Get training costs reimbursed for qualified job candidates,Yes,Develop programs to train new workers for your business,No,Get help in analyzing and writing job descriptions,Yes,Learn how to interview job applicants effectively,Yes,Learn about strategies for recruiting workers,Yes,Have background checks conducted on job applicants,No,Have job applicants` skills tested,Yes,Use on-site facilities for recruiting and interviewing job applicants,Yes,Get job applicants pre-screened,Yes
MA,Center_Name,MassHire Metro North Career Center in Woburn,Website,https://masshiremncareers.com/,Google_Maps_Link,"https://www.google.com/maps/dir//100+TradeCenter,Woburn,MA+01801",Address,"100 TradeCenter
Suite G-100
Woburn, MA 01801",Phone,,Type of Office,Comprehensive One-Stop Career Centers,Office Level,Local,Veterans Employment Representative,Yes,Veterans Representative #1 Phone,781-932-5528 (Please call to make an appointment),Veterans Rep. #1 E-mail Address,steven.fernandez@state.ma.us,Business Representative Name,Mary Beth Beatrice and Lisa Chakalos-Ryan,Business Representative Email,mbeatrice@mhmncc.com and lchakalos-ryan@mhmncc.com,Business Representative Phone,781-932-5513,Parking Availability,yes,Public Transit Access,none,Language  Capability,"Services in English, Spanish and American Sign Language",UI Filing Assistance Online Available,No,UI Filing Assistance from Staff Available,Yes,Career Resource Room,Yes,Telephones,Yes,Fax Machines,Yes,Copy Machine,Yes,On-site Childcare,No,Internet Access,Yes,Video Viewing Stations,No,Rooms where employers can interview job seekers,Yes,Personal Computers,Yes,Find out how to get a work permit,Yes,Learn about strategies for finding a job,Yes,Get help in preparing for job interviews,Yes,Get help preparing your resume,Yes,"Find out about job openings (including work experience, internships and community service)",Yes,Post your resume for employers to see,Yes,Learn new job skills,Yes,Prepare for a high school equivalency (HSE) exam,No,"Improve your reading, writing and math skills",No,Improve your English skills (ESL),No,Learn about the world of business,Yes,Improve your current job skills,Yes,Get information about schools and training programs,Yes,Get help finding child care,No,Get help with living expenses while in training,No,Learn about financial aid for training,Yes,Get information about employers in your local area,Yes,Learn about what employers expect of their workers,Yes,Assess your career interests,Yes,Learn about jobs and careers suitable for you,Yes,Learn about jobs in demand and rates of pay,Yes,Assess your reading and math skills,Yes,Get help in finding a summer job,No,Find out about summer learning opportunities,No,Learn about EEO and ADA requirements,Yes,"Get information on employment, wage and salary trends",Yes,Receive information on the Work Opportunity Tax Credit and other hiring incentives,Yes,Get your employee training needs analyzed,No,Get outplacement services for employees you are laying off,Yes,Learn about legal requirements for hiring and firing workers,No,Learn about Unemployment Insurance taxes and eligibility rules,Yes,Post your job openings,Yes,Get access to resumes posted by job applicants,Yes,Get training costs reimbursed for qualified job candidates,Yes,Develop programs to train new workers for your business,No,Get help in analyzing and writing job descriptions,Yes,Learn how to interview job applicants effectively,No,Learn about strategies for recruiting workers,Yes,Have background checks conducted on job applicants,No,Have job applicants` skills tested,No,Use on-site facilities for recruiting and interviewing job applicants,Yes,Get job applicants pre-screened,No
MA,Center_Name,MassHire Worcester Career Center,Website,https://masshirecentralcc.com/jobseekers/,Google_Maps_Link,"https://www.google.com/maps/dir//340+Main+Street,Worcester,MA+01608",Address,"340 Main Street
Suite 400
Worcester, MA 01608",Phone,508-799-1600,Type of Office,Comprehensive One-Stop Career Centers,Office Level,Local,Veterans Employment Representative,Yes,Veterans Representative #1 Phone,508-373-7620,Veterans Rep. #1 E-mail Address,wryan@detma.org,Veterans Representative #2 Phone,508-373-7624,Veterans Rep. #2 E-mail Address,tforhan@detma.org,Parking Availability,yes - private garage and parking meters,Public Transit Access,yes,Language  Capability,Services in English and Spanish,UI Filing Assistance Online Available,Yes,UI Filing Assistance from Staff Available,Yes,Career Resource Room,Yes,Telephones,No,Fax Machines,Yes,Copy Machine,Yes,On-site Childcare,No,Internet Access,Yes,Video Viewing Stations,No,Rooms where employers can interview job seekers,Yes,Personal Computers,Yes,Find out how to get a work permit,Yes,Learn about strategies for finding a job,Yes,Get help in preparing for job interviews,Yes,Get help preparing your resume,Yes,"Find out about job openings (including work experience, internships and community service)",Yes,Post your resume for employers to see,No,Learn new job skills,Yes,Prepare for a high school equivalency (HSE) exam,Yes,"Improve your reading, writing and math skills",Yes,Improve your English skills (ESL),Yes,Learn about the world of business,Yes,Improve your current job skills,Yes,Get information about schools and training programs,Yes,Get help finding child care,Yes,Get help with living expenses while in training,Yes,Learn about financial aid for training,Yes,Get information about employers in your local area,Yes,Learn about what employers expect of their workers,Yes,Assess your career interests,Yes,Learn about jobs and careers suitable for you,Yes,Learn about jobs in demand and rates of pay,Yes,Assess your reading and math skills,Yes,Get help in finding a summer job,Yes,Find out about summer learning opportunities,Yes,Learn about EEO and ADA requirements,Yes,"Get information on employment, wage and salary trends",Yes,Receive information on the Work Opportunity Tax Credit and other hiring incentives,Yes,Get your employee training needs analyzed,Yes,Get outplacement services for employees you are laying off,Yes,Learn about legal requirements for hiring and firing workers,Yes,Learn about Unemployment Insurance taxes and eligibility rules,Yes,Post your job openings,Yes,Get access to resumes posted by job applicants,Yes,Get training costs reimbursed for qualified job candidates,No,Develop programs to train new workers for your business,Yes,Get help in analyzing and writing job descriptions,Yes,Learn how to interview job applicants effectively,Yes,Learn about strategies for recruiting workers,Yes,Have background checks conducted on job applicants,No,Have job applicants` skills tested,Yes,Use on-site facilities for recruiting and interviewing job applicants,Yes,Get job applicants pre-screened,Yes
