DE,Center_Name,Dover American Job Center,Website,https://labor.delaware.gov/divisions/employment-training/,Google_Maps_Link,"https://www.google.com/maps/dir//655+S+Bay+Rd,Dover,DE+19901",Address,"655 S Bay Rd
Suite 2H
Dover, DE 19901",Phone,302-739-5473,Type of Office,Comprehensive One-Stop Career Centers,Office Level,State,Veterans Employment Representative,Yes,Veterans Representative #1 Phone,302-857-5866,Veterans Rep. #1 E-mail Address,toddw.hilliker@delaware.gov,Veterans Representative #2 Phone,302-857-5881,Veterans Rep. #2 E-mail Address,danny.mosby@delaware.gov,Business Representative Name,Jennifer Jurczak,Business Representative Email,Jennifer.Jurczak@delaware.gov,Business Representative Phone,302-857-5862,Parking Availability,Parking Lot,Public Transit Access,,UI Filing Assistance Online Available,Yes,UI Filing Assistance from Staff Available,Yes,Career Resource Room,Yes,Telephones,Yes,Fax Machines,Yes,Copy Machine,Yes,On-site Childcare,No,Internet Access,Yes,Video Viewing Stations,Yes,Rooms where employers can interview job seekers,Yes,Personal Computers,Yes,Find out how to get a work permit,Yes,Learn about strategies for finding a job,Yes,Get help in preparing for job interviews,Yes,Get help preparing your resume,Yes,"Find out about job openings (including work experience, internships and community service)",Yes,Post your resume for employers to see,Yes,Learn new job skills,Yes,Prepare for a high school equivalency (HSE) exam,Yes,"Improve your reading, writing and math skills",Yes,Improve your English skills (ESL),Yes,Learn about the world of business,Yes,Improve your current job skills,Yes,Get information about schools and training programs,Yes,Get help finding child care,Yes,Get help with living expenses while in training,Yes,Learn about financial aid for training,Yes,Get information about employers in your local area,Yes,Learn about what employers expect of their workers,Yes,Assess your career interests,Yes,Learn about jobs and careers suitable for you,Yes,Learn about jobs in demand and rates of pay,Yes,Assess your reading and math skills,Yes,Get help in finding a summer job,Yes,Find out about summer learning opportunities,Yes,Learn about EEO and ADA requirements,Yes,"Get information on employment, wage and salary trends",Yes,Receive information on the Work Opportunity Tax Credit and other hiring incentives,Yes,Get your employee training needs analyzed,Yes,Get outplacement services for employees you are laying off,Yes,Learn about legal requirements for hiring and firing workers,Yes,Learn about Unemployment Insurance taxes and eligibility rules,Yes,Post your job openings,Yes,Get access to resumes posted by job applicants,Yes,Get training costs reimbursed for qualified job candidates,Yes,Develop programs to train new workers for your business,Yes,Get help in analyzing and writing job descriptions,Yes,Learn how to interview job applicants effectively,Yes,Learn about strategies for recruiting workers,Yes,Have background checks conducted on job applicants,Yes,Have job applicants` skills tested,Yes,Use on-site facilities for recruiting and interviewing job applicants,Yes,Get job applicants pre-screened,Yes
DE,Center_Name,Georgetown American Job Center,Website,https://labor.delaware.gov/divisions/employment-training/,Google_Maps_Link,"https://www.google.com/maps/dir//8+Georgetown+Plaza,Georgetown,DE+19947",Address,"8 Georgetown Plaza
Suite 2
Georgetown, DE 19947",Phone,302-856-5230,E-mail Address,JobLink@delaware.gov,Type of Office,Comprehensive One-Stop Career Centers,Office Level,State,Veterans Employment Representative,Yes,Veterans Representative #1 Phone,302-858-5232,Veterans Rep. #1 E-mail Address,Gail.Gartner@delaware.gov,Veterans Representative #2 Phone,302-858-5247,Veterans Rep. #2 E-mail Address,Sylvia.Seymore@delaware.gov,Business Representative Name,Dawn Smith,Business Representative Email,Dawn.Smith@delaware.gov,Business Representative Phone,302-858-5233,Parking Availability,,Public Transit Access,,UI Filing Assistance Online Available,No,UI Filing Assistance from Staff Available,No,Career Resource Room,Yes,Telephones,Yes,Fax Machines,Yes,Copy Machine,Yes,On-site Childcare,No,Internet Access,Yes,Video Viewing Stations,Yes,Rooms where employers can interview job seekers,Yes,Personal Computers,Yes,Find out how to get a work permit,Yes,Learn about strategies for finding a job,Yes,Get help in preparing for job interviews,Yes,Get help preparing your resume,Yes,"Find out about job openings (including work experience, internships and community service)",No,Post your resume for employers to see,Yes,Learn new job skills,Yes,Prepare for a high school equivalency (HSE) exam,Yes,"Improve your reading, writing and math skills",No,Improve your English skills (ESL),No,Learn about the world of business,Yes,Improve your current job skills,Yes,Get information about schools and training programs,Yes,Get help finding child care,No,Get help with living expenses while in training,No,Learn about financial aid for training,Yes,Get information about employers in your local area,Yes,Learn about what employers expect of their workers,Yes,Assess your career interests,Yes,Learn about jobs and careers suitable for you,Yes,Learn about jobs in demand and rates of pay,Yes,Assess your reading and math skills,Yes,Get help in finding a summer job,Yes,Find out about summer learning opportunities,Yes,Learn about EEO and ADA requirements,Yes,"Get information on employment, wage and salary trends",Yes,Receive information on the Work Opportunity Tax Credit and other hiring incentives,Yes,Get your employee training needs analyzed,Yes,Get outplacement services for employees you are laying off,Yes,Learn about legal requirements for hiring and firing workers,Yes,Learn about Unemployment Insurance taxes and eligibility rules,Yes,Post your job openings,Yes,Get access to resumes posted by job applicants,Yes,Get training costs reimbursed for qualified job candidates,No,Develop programs to train new workers for your business,Yes,Get help in analyzing and writing job descriptions,Yes,Learn how to interview job applicants effectively,Yes,Learn about strategies for recruiting workers,Yes,Have background checks conducted on job applicants,No,Have job applicants` skills tested,Yes,Use on-site facilities for recruiting and interviewing job applicants,Yes,Get job applicants pre-screened,Yes
DE,Center_Name,Pencader American Job Center,Website,https://labor.delaware.gov/divisions/employment-training/,Google_Maps_Link,"https://www.google.com/maps/dir//225+Corporate+Boulevard,Newark,DE+19702",Address,"225 Corporate Boulevard
Suite 211, Pencader Corporate Commons
Newark, DE 19702",Phone,302-368-6622,E-mail Address,Sandra.bufano@state.de.us,Type of Office,Comprehensive One-Stop Career Centers,Office Level,State,Veterans Employment Representative,Yes,Veterans Representative #1 Phone,302-451-3457 Please call to make an appointment,Veterans Rep. #1 E-mail Address,lisal.smith@state.de.us,Business Representative Name,Janice Friant,Business Representative Email,janice.friant@state.de.us,Business Representative Phone,302-451-3454,Parking Availability,Parking Lot,Public Transit Access,,UI Filing Assistance Online Available,No,UI Filing Assistance from Staff Available,Yes,Career Resource Room,Yes,Telephones,Yes,Fax Machines,Yes,Copy Machine,Yes,On-site Childcare,No,Internet Access,Yes,Video Viewing Stations,Yes,Rooms where employers can interview job seekers,Yes,Personal Computers,Yes,Find out how to get a work permit,Yes,Learn about strategies for finding a job,Yes,Get help in preparing for job interviews,Yes,Get help preparing your resume,Yes,"Find out about job openings (including work experience, internships and community service)",Yes,Post your resume for employers to see,Yes,Learn new job skills,Yes,Prepare for a high school equivalency (HSE) exam,Yes,"Improve your reading, writing and math skills",Yes,Improve your English skills (ESL),Yes,Learn about the world of business,Yes,Improve your current job skills,Yes,Get information about schools and training programs,Yes,Get help finding child care,No,Get help with living expenses while in training,No,Learn about financial aid for training,Yes,Get information about employers in your local area,Yes,Learn about what employers expect of their workers,No,Assess your career interests,Yes,Learn about jobs and careers suitable for you,Yes,Learn about jobs in demand and rates of pay,Yes,Assess your reading and math skills,No,Get help in finding a summer job,Yes,Find out about summer learning opportunities,Yes,Learn about EEO and ADA requirements,Yes,"Get information on employment, wage and salary trends",Yes,Receive information on the Work Opportunity Tax Credit and other hiring incentives,Yes,Get your employee training needs analyzed,Yes,Get outplacement services for employees you are laying off,Yes,Learn about legal requirements for hiring and firing workers,Yes,Learn about Unemployment Insurance taxes and eligibility rules,Yes,Post your job openings,Yes,Get access to resumes posted by job applicants,Yes,Get training costs reimbursed for qualified job candidates,No,Develop programs to train new workers for your business,Yes,Get help in analyzing and writing job descriptions,Yes,Learn how to interview job applicants effectively,No,Learn about strategies for recruiting workers,Yes,Have background checks conducted on job applicants,No,Have job applicants` skills tested,Yes,Use on-site facilities for recruiting and interviewing job applicants,Yes,Get job applicants pre-screened,Yes
DE,Center_Name,Fox Valley American Job Center,Website,https://labor.delaware.gov/divisions/employment-training/,Google_Maps_Link,"https://www.google.com/maps/dir//4425+North+Market+Street,Wilmington,DE+19802",Address,"4425 North Market Street
Wilmington, DE 19802",Phone,302-761-8085,E-mail Address,tracy.purnell@delaware.gov,Type of Office,Comprehensive One-Stop Career Centers,Office Level,State,Veterans Employment Representative,Yes,Veterans Representative #1 Phone,302 761-8077,Veterans Rep. #1 E-mail Address,Keith.Coulter@delaware.gov,Veterans Representative #2 Phone,302-761-8141,Veterans Rep. #2 E-mail Address,allen.jones@delaware.gov,Business Representative Name,Elise Nguyen,Business Representative Email,Elise.Nguyen@delaware.gov,Business Representative Phone,302-761-8082,Parking Availability,Parking Lot,Public Transit Access,,UI Filing Assistance Online Available,No,UI Filing Assistance from Staff Available,No,Career Resource Room,Yes,Telephones,Yes,Fax Machines,Yes,Copy Machine,Yes,On-site Childcare,No,Internet Access,Yes,Video Viewing Stations,Yes,Rooms where employers can interview job seekers,Yes,Personal Computers,Yes,Find out how to get a work permit,Yes,Learn about strategies for finding a job,Yes,Get help in preparing for job interviews,Yes,Get help preparing your resume,Yes,"Find out about job openings (including work experience, internships and community service)",Yes,Post your resume for employers to see,Yes,Learn new job skills,Yes,Prepare for a high school equivalency (HSE) exam,Yes,"Improve your reading, writing and math skills",No,Improve your English skills (ESL),No,Learn about the world of business,Yes,Improve your current job skills,Yes,Get information about schools and training programs,Yes,Get help finding child care,No,Get help with living expenses while in training,No,Learn about financial aid for training,Yes,Get information about employers in your local area,Yes,Learn about what employers expect of their workers,Yes,Assess your career interests,Yes,Learn about jobs and careers suitable for you,Yes,Learn about jobs in demand and rates of pay,Yes,Assess your reading and math skills,Yes,Get help in finding a summer job,Yes,Find out about summer learning opportunities,Yes,Learn about EEO and ADA requirements,Yes,"Get information on employment, wage and salary trends",Yes,Receive information on the Work Opportunity Tax Credit and other hiring incentives,Yes,Get your employee training needs analyzed,Yes,Get outplacement services for employees you are laying off,Yes,Learn about legal requirements for hiring and firing workers,Yes,Learn about Unemployment Insurance taxes and eligibility rules,Yes,Post your job openings,Yes,Get access to resumes posted by job applicants,Yes,Get training costs reimbursed for qualified job candidates,Yes,Develop programs to train new workers for your business,Yes,Get help in analyzing and writing job descriptions,Yes,Learn how to interview job applicants effectively,Yes,Learn about strategies for recruiting workers,Yes,Have background checks conducted on job applicants,Yes,Have job applicants` skills tested,Yes,Use on-site facilities for recruiting and interviewing job applicants,Yes,Get job applicants pre-screened,Yes
