WY,Center_Name,Afton Workforce Services,Website,http://www.wyomingworkforce.org/contact/employment/,Google_Maps_Link,"https://www.google.com/maps/dir//350+South+Washington,Afton,WY+83110",Address,"350 South Washington
Suite 5; PO Box 1068 (No Delivery to Physical Address)
Afton, WY 83110",Phone,307-886-9260,E-mail Address,afton-wc@wyo.gov,Type of Office,Affiliate One Stops,Office Level,Local,Veterans Employment Representative,Yes,Veterans Representative #1 Phone,307-789-9802 Please call for an appointment,Veterans Rep. #1 E-mail Address,tom.saprony@wyo.gov,Business Representative Name,Karen Schneider,Business Representative Email,karen.schneider@wyo.gov,Business Representative Phone,307-886-9260,Parking Availability,parking lot,Public Transit Access,,Language  Capability,English,UI Filing Assistance Online Available,Yes,UI Filing Assistance from Staff Available,No,Telephones,Yes,Fax Machines,Yes,On-site Childcare,No,Video Viewing Stations,Yes,Rooms where employers can interview job seekers,Yes,Career Resource Room,Yes,Copy Machine,Yes,Personal Computers,Yes,Internet Access,Yes,Post your resume for employers to see,No,Get help in preparing for job interviews,Yes,Learn about strategies for finding a job,Yes,Find out how to get a work permit,Yes,"Find out about job openings (including work experience, internships and community service)",Yes,Get help preparing your resume,Yes,Improve your current job skills,Yes,Learn about the world of business,Yes,Learn new job skills,Yes,Improve your English skills (ESL),No,"Improve your reading, writing and math skills",No,Get information about schools and training programs,Yes,Prepare for a high school equivalency (HSE) exam,Yes,Learn about financial aid for training,Yes,Get help finding child care,Yes,Get help with living expenses while in training,Yes,Get information about employers in your local area,Yes,Assess your reading and math skills,Yes,Learn about jobs and careers suitable for you,Yes,Learn about what employers expect of their workers,Yes,Assess your career interests and skills,Yes,Learn about jobs in demand and rates of pay,Yes,Find out about summer learning opportunities,Yes,Get help in finding a summer job,Yes,Get outplacement services for employees you are laying off,Yes,"Get information on employment, wage and salary trends",Yes,Receive information on the Work Opportunity Tax Credit and other hiring incentives,Yes,Learn about legal requirements for hiring and firing workers,Yes,Learn about EEO and ADA requirements,Yes,Get your employee training needs analyzed,No,Learn about Unemployment Insurance taxes and eligibility rules,Yes,Get training costs reimbursed for qualified job candidates,Yes,Develop programs to train new workers for your business,Yes,Get help in analyzing and writing job descriptions,Yes,Learn how to interview job applicants effectively,Yes,Learn about strategies for recruiting workers,Yes,Have job applicants` skills tested,Yes,Get job applicants pre-screened,Yes,Get access to resumes posted by job applicants,No,Post your job openings,Yes,Have background checks conducted on job applicants,No,Use on-site facilities for recruiting and interviewing job applicants,Yes
WY,Center_Name,Casper Workforce Center,Website,http://www.wyomingworkforce.org/contact/employment/,Google_Maps_Link,"https://www.google.com/maps/dir//851+Werner+Court,Casper,WY+82601-1308",Address,"851 Werner Court
Suite 120
Casper, WY 82601-1308",Phone,307-234-4591,E-mail Address,dws-wyomingatwork@wyo.gov,Type of Office,Affiliate One Stops,Office Level,Local,Veterans Employment Representative,Yes,Veterans Representative #2 Phone,307-234-4591,Veterans Rep. #2 E-mail Address,christopher.sharpe@wyo.gov,Business Representative Name,Paul Philbin,Business Representative Email,paul.philbin@wyo.gov,Business Representative Phone,307-234-4591,Parking Availability,Parking lot with Handicapped spaces front and back.,Public Transit Access,"CATC (limited service, accessible bus system)",Language  Capability,Spanish Bilingual staff on site.,UI Filing Assistance Online Available,Yes,UI Filing Assistance from Staff Available,No,Telephones,Yes,Fax Machines,Yes,On-site Childcare,No,Video Viewing Stations,Yes,Rooms where employers can interview job seekers,Yes,Career Resource Room,Yes,Copy Machine,Yes,Personal Computers,Yes,Internet Access,Yes,Post your resume for employers to see,Yes,Get help in preparing for job interviews,Yes,Learn about strategies for finding a job,Yes,Find out how to get a work permit,Yes,"Find out about job openings (including work experience, internships and community service)",Yes,Get help preparing your resume,Yes,Improve your current job skills,Yes,Learn about the world of business,Yes,Learn new job skills,Yes,Improve your English skills (ESL),No,"Improve your reading, writing and math skills",No,Get information about schools and training programs,Yes,Prepare for a high school equivalency (HSE) exam,No,Learn about financial aid for training,No,Get help finding child care,No,Get help with living expenses while in training,No,Get information about employers in your local area,No,Assess your reading and math skills,Yes,Learn about jobs and careers suitable for you,Yes,Learn about what employers expect of their workers,Yes,Assess your career interests and skills,Yes,Learn about jobs in demand and rates of pay,Yes,Find out about summer learning opportunities,Yes,Get help in finding a summer job,Yes,Get outplacement services for employees you are laying off,Yes,"Get information on employment, wage and salary trends",Yes,Receive information on the Work Opportunity Tax Credit and other hiring incentives,No,Learn about legal requirements for hiring and firing workers,Yes,Learn about EEO and ADA requirements,Yes,Get your employee training needs analyzed,Yes,Learn about Unemployment Insurance taxes and eligibility rules,Yes,Get training costs reimbursed for qualified job candidates,Yes,Develop programs to train new workers for your business,Yes,Get help in analyzing and writing job descriptions,Yes,Learn how to interview job applicants effectively,Yes,Learn about strategies for recruiting workers,Yes,Have job applicants` skills tested,Yes,Get job applicants pre-screened,Yes,Get access to resumes posted by job applicants,Yes,Post your job openings,Yes,Have background checks conducted on job applicants,Yes,Use on-site facilities for recruiting and interviewing job applicants,Yes
WY,Center_Name,Cheyenne Workforce Center,Website,http://www.wyomingworkforce.org/contact/employment/,Google_Maps_Link,"https://www.google.com/maps/dir//5221+Yellowstone+Road,Cheyenne,WY+82002",Address,"5221 Yellowstone Road
West Entrance
Cheyenne, WY 82002",Phone,307-777-3700,E-mail Address,Jeff.Schulz1@wyo.gov,Type of Office,Affiliate One Stops,Office Level,Local,Veterans Employment Representative,No,Veterans Representative #2 Phone,307-777-3713,Veterans Rep. #2 E-mail Address,mike.davis@wyo.gov,Parking Availability,Parking lot with handicapped spaces in front row,Public Transit Access,Located on Cheyenne Transit route,Language  Capability,Spanish bilingual on site.,UI Filing Assistance Online Available,Yes,UI Filing Assistance from Staff Available,No,Telephones,Yes,Fax Machines,Yes,On-site Childcare,No,Video Viewing Stations,Yes,Rooms where employers can interview job seekers,Yes,Career Resource Room,Yes,Copy Machine,Yes,Personal Computers,Yes,Internet Access,Yes,Post your resume for employers to see,Yes,Get help in preparing for job interviews,Yes,Learn about strategies for finding a job,Yes,Find out how to get a work permit,Yes,"Find out about job openings (including work experience, internships and community service)",Yes,Get help preparing your resume,Yes,Improve your current job skills,Yes,Learn about the world of business,No,Learn new job skills,Yes,Improve your English skills (ESL),No,"Improve your reading, writing and math skills",Yes,Get information about schools and training programs,Yes,Prepare for a high school equivalency (HSE) exam,Yes,Learn about financial aid for training,Yes,Get help finding child care,Yes,Get help with living expenses while in training,Yes,Get information about employers in your local area,Yes,Assess your reading and math skills,Yes,Learn about jobs and careers suitable for you,Yes,Learn about what employers expect of their workers,Yes,Assess your career interests and skills,Yes,Learn about jobs in demand and rates of pay,Yes,Find out about summer learning opportunities,Yes,Get help in finding a summer job,Yes,Get outplacement services for employees you are laying off,Yes,"Get information on employment, wage and salary trends",Yes,Receive information on the Work Opportunity Tax Credit and other hiring incentives,Yes,Learn about legal requirements for hiring and firing workers,Yes,Learn about EEO and ADA requirements,Yes,Get your employee training needs analyzed,No,Learn about Unemployment Insurance taxes and eligibility rules,Yes,Get training costs reimbursed for qualified job candidates,Yes,Develop programs to train new workers for your business,Yes,Get help in analyzing and writing job descriptions,Yes,Learn how to interview job applicants effectively,Yes,Learn about strategies for recruiting workers,Yes,Have job applicants` skills tested,Yes,Get job applicants pre-screened,Yes,Get access to resumes posted by job applicants,Yes,Post your job openings,Yes,Have background checks conducted on job applicants,No,Use on-site facilities for recruiting and interviewing job applicants,Yes
WY,Center_Name,Cody Workforce Center,Website,http://www.wyomingworkforce.org/contact/employment/,Google_Maps_Link,"https://www.google.com/maps/dir//1026+Blackburn+Avenue,Cody,WY+82414-8464",Address,"1026 Blackburn Avenue
Suite 1
Cody, WY 82414-8464",Phone,307-587-4241,Type of Office,Affiliate One Stops,Office Level,Local,Veterans Employment Representative,Yes,Veterans Representative #1 Phone,307-587-4241,Veterans Rep. #1 E-mail Address,mark.waltrup@wyo.gov,Business Representative Name,STEVE MILLER,Business Representative Email,steve.miller@wyo.gov,Business Representative Phone,307-587-4241,Parking Availability,Parking lot and handicapped accessible sites.,Public Transit Access,,Language  Capability,Spanish bilingual staff on site.,UI Filing Assistance Online Available,Yes,UI Filing Assistance from Staff Available,No,Telephones,Yes,Fax Machines,Yes,On-site Childcare,No,Video Viewing Stations,Yes,Rooms where employers can interview job seekers,Yes,Career Resource Room,Yes,Copy Machine,Yes,Personal Computers,Yes,Internet Access,Yes,Post your resume for employers to see,Yes,Get help in preparing for job interviews,Yes,Learn about strategies for finding a job,Yes,Find out how to get a work permit,Yes,"Find out about job openings (including work experience, internships and community service)",Yes,Get help preparing your resume,Yes,Improve your current job skills,Yes,Learn about the world of business,Yes,Learn new job skills,Yes,Improve your English skills (ESL),Yes,"Improve your reading, writing and math skills",Yes,Get information about schools and training programs,Yes,Prepare for a high school equivalency (HSE) exam,Yes,Learn about financial aid for training,Yes,Get help finding child care,Yes,Get help with living expenses while in training,Yes,Get information about employers in your local area,Yes,Assess your reading and math skills,Yes,Learn about jobs and careers suitable for you,Yes,Learn about what employers expect of their workers,Yes,Assess your career interests and skills,Yes,Learn about jobs in demand and rates of pay,Yes,Find out about summer learning opportunities,Yes,Get help in finding a summer job,Yes,Get outplacement services for employees you are laying off,Yes,"Get information on employment, wage and salary trends",Yes,Receive information on the Work Opportunity Tax Credit and other hiring incentives,Yes,Learn about legal requirements for hiring and firing workers,No,Learn about EEO and ADA requirements,Yes,Get your employee training needs analyzed,No,Learn about Unemployment Insurance taxes and eligibility rules,Yes,Get training costs reimbursed for qualified job candidates,Yes,Develop programs to train new workers for your business,Yes,Get help in analyzing and writing job descriptions,No,Learn how to interview job applicants effectively,Yes,Learn about strategies for recruiting workers,Yes,Have job applicants` skills tested,Yes,Get job applicants pre-screened,Yes,Get access to resumes posted by job applicants,Yes,Post your job openings,Yes,Have background checks conducted on job applicants,No,Use on-site facilities for recruiting and interviewing job applicants,Yes
WY,Center_Name,Kemmerer Workforce Center,Website,http://www.wyomingworkforce.org/contact/employment/,Google_Maps_Link,,Address,"20 Adaville Road
PO Box 217
Diamondville, WY 83116",Phone,307-877-5501,E-mail Address,kemmerer-wc@wyo.gov,Type of Office,Affiliate One Stops,Office Level,Local,Veterans Employment Representative,Yes,Veterans Representative #1 Phone,307-789-9802,Veterans Rep. #1 E-mail Address,tom.saprony@wyo.gov,Business Representative Name,Bonnie Meyer,Business Representative Email,bonnie.meyer1@wyo.gov,Business Representative Phone,307-877-5501,Parking Availability,Parking lot with handicapped spaces.,Public Transit Access,,Language  Capability,English,UI Filing Assistance Online Available,Yes,UI Filing Assistance from Staff Available,No,Telephones,Yes,Fax Machines,Yes,On-site Childcare,No,Video Viewing Stations,Yes,Rooms where employers can interview job seekers,Yes,Career Resource Room,Yes,Copy Machine,Yes,Personal Computers,Yes,Internet Access,Yes,Post your resume for employers to see,Yes,Get help in preparing for job interviews,Yes,Learn about strategies for finding a job,Yes,Find out how to get a work permit,Yes,"Find out about job openings (including work experience, internships and community service)",Yes,Get help preparing your resume,Yes,Improve your current job skills,Yes,Learn about the world of business,Yes,Learn new job skills,Yes,Improve your English skills (ESL),Yes,"Improve your reading, writing and math skills",Yes,Get information about schools and training programs,Yes,Prepare for a high school equivalency (HSE) exam,Yes,Learn about financial aid for training,No,Get help finding child care,No,Get help with living expenses while in training,No,Get information about employers in your local area,Yes,Assess your reading and math skills,Yes,Learn about jobs and careers suitable for you,Yes,Learn about what employers expect of their workers,Yes,Assess your career interests and skills,Yes,Learn about jobs in demand and rates of pay,Yes,Find out about summer learning opportunities,Yes,Get help in finding a summer job,Yes,Get outplacement services for employees you are laying off,Yes,"Get information on employment, wage and salary trends",Yes,Receive information on the Work Opportunity Tax Credit and other hiring incentives,Yes,Learn about legal requirements for hiring and firing workers,Yes,Learn about EEO and ADA requirements,Yes,Get your employee training needs analyzed,Yes,Learn about Unemployment Insurance taxes and eligibility rules,Yes,Get training costs reimbursed for qualified job candidates,Yes,Develop programs to train new workers for your business,Yes,Get help in analyzing and writing job descriptions,Yes,Learn how to interview job applicants effectively,Yes,Learn about strategies for recruiting workers,Yes,Have job applicants` skills tested,Yes,Get job applicants pre-screened,Yes,Get access to resumes posted by job applicants,Yes,Post your job openings,Yes,Have background checks conducted on job applicants,Yes,Use on-site facilities for recruiting and interviewing job applicants,Yes
WY,Center_Name,Douglas Workforce Center,Website,http://www.wyomingworkforce.org/contact/employment/,Google_Maps_Link,"https://www.google.com/maps/dir//311+North+Russell+Ave,Douglas,WY+82633",Address,"311 North Russell Ave
Suite B
Douglas, WY 82633",Phone,307-358-2147,E-mail Address,dws-wyomingatwork@wyo.gov,Type of Office,Affiliate One Stops,Office Level,Local,Veterans Employment Representative,Yes,Veterans Representative #2 Phone,307-234-4591,Veterans Rep. #2 E-mail Address,christopher.sharpe@wyo.gov,Business Representative Name,Peggy Banks; Lisa Benge,Business Representative Email,peggy.banks@wyo.gov; lisa.benge@wyo.gov,Business Representative Phone,307-358-2147,Parking Availability,On street parking in front and lot in rear.,Public Transit Access,,Language  Capability,English,UI Filing Assistance Online Available,Yes,UI Filing Assistance from Staff Available,No,Telephones,Yes,Fax Machines,Yes,On-site Childcare,No,Video Viewing Stations,Yes,Rooms where employers can interview job seekers,Yes,Career Resource Room,Yes,Copy Machine,Yes,Personal Computers,Yes,Internet Access,Yes,Post your resume for employers to see,Yes,Get help in preparing for job interviews,Yes,Learn about strategies for finding a job,Yes,Find out how to get a work permit,Yes,"Find out about job openings (including work experience, internships and community service)",Yes,Get help preparing your resume,Yes,Improve your current job skills,Yes,Learn about the world of business,Yes,Learn new job skills,Yes,Improve your English skills (ESL),No,"Improve your reading, writing and math skills",No,Get information about schools and training programs,Yes,Prepare for a high school equivalency (HSE) exam,No,Learn about financial aid for training,No,Get help finding child care,No,Get help with living expenses while in training,No,Get information about employers in your local area,No,Assess your reading and math skills,Yes,Learn about jobs and careers suitable for you,Yes,Learn about what employers expect of their workers,Yes,Assess your career interests and skills,Yes,Learn about jobs in demand and rates of pay,Yes,Find out about summer learning opportunities,Yes,Get help in finding a summer job,Yes,Get outplacement services for employees you are laying off,Yes,"Get information on employment, wage and salary trends",Yes,Receive information on the Work Opportunity Tax Credit and other hiring incentives,No,Learn about legal requirements for hiring and firing workers,Yes,Learn about EEO and ADA requirements,Yes,Get your employee training needs analyzed,Yes,Learn about Unemployment Insurance taxes and eligibility rules,Yes,Get training costs reimbursed for qualified job candidates,Yes,Develop programs to train new workers for your business,Yes,Get help in analyzing and writing job descriptions,Yes,Learn how to interview job applicants effectively,Yes,Learn about strategies for recruiting workers,Yes,Have job applicants` skills tested,Yes,Get job applicants pre-screened,Yes,Get access to resumes posted by job applicants,Yes,Post your job openings,Yes,Have background checks conducted on job applicants,Yes,Use on-site facilities for recruiting and interviewing job applicants,Yes
WY,Center_Name,Evanston Workforce Center,Website,http://www.wyomingworkforce.org/contact/employment/,Google_Maps_Link,"https://www.google.com/maps/dir//98+Independence+Drive,Evanston,WY+82930",Address,"98 Independence Drive
Evanston, WY 82930",Phone,307-789-9802,E-mail Address,dws-Evanston-wc@wyo.gov,Type of Office,Affiliate One Stops,Office Level,Local,Veterans Employment Representative,Yes,Veterans Representative #1 Phone,307-789-9802,Veterans Rep. #1 E-mail Address,tom.saprony@wyo.gov,Business Representative Name,Nicole Espy &amp; Tom Saprony &amp; Aimee Nadeau,Business Representative Email,nicole.esyp@wyo.gov &amp;  tom.saprony@wyo.gov &amp; aimee.nadeau2@wyo.gov,Business Representative Phone,307-789-9802,Parking Availability,Off and On Street,Public Transit Access,,Language  Capability,German Bilingual staff on site,UI Filing Assistance Online Available,Yes,UI Filing Assistance from Staff Available,No,Telephones,Yes,Fax Machines,Yes,On-site Childcare,No,Video Viewing Stations,Yes,Rooms where employers can interview job seekers,Yes,Career Resource Room,Yes,Copy Machine,Yes,Personal Computers,Yes,Internet Access,Yes,Post your resume for employers to see,Yes,Get help in preparing for job interviews,Yes,Learn about strategies for finding a job,Yes,Find out how to get a work permit,Yes,"Find out about job openings (including work experience, internships and community service)",Yes,Get help preparing your resume,Yes,Improve your current job skills,Yes,Learn about the world of business,No,Learn new job skills,Yes,Improve your English skills (ESL),Yes,"Improve your reading, writing and math skills",Yes,Get information about schools and training programs,Yes,Prepare for a high school equivalency (HSE) exam,Yes,Learn about financial aid for training,Yes,Get help finding child care,Yes,Get help with living expenses while in training,Yes,Get information about employers in your local area,Yes,Assess your reading and math skills,Yes,Learn about jobs and careers suitable for you,Yes,Learn about what employers expect of their workers,Yes,Assess your career interests and skills,Yes,Learn about jobs in demand and rates of pay,Yes,Find out about summer learning opportunities,Yes,Get help in finding a summer job,Yes,Get outplacement services for employees you are laying off,Yes,"Get information on employment, wage and salary trends",Yes,Receive information on the Work Opportunity Tax Credit and other hiring incentives,Yes,Learn about legal requirements for hiring and firing workers,Yes,Learn about EEO and ADA requirements,Yes,Get your employee training needs analyzed,No,Learn about Unemployment Insurance taxes and eligibility rules,Yes,Get training costs reimbursed for qualified job candidates,Yes,Develop programs to train new workers for your business,Yes,Get help in analyzing and writing job descriptions,Yes,Learn how to interview job applicants effectively,Yes,Learn about strategies for recruiting workers,Yes,Have job applicants` skills tested,Yes,Get job applicants pre-screened,Yes,Get access to resumes posted by job applicants,Yes,Post your job openings,Yes,Have background checks conducted on job applicants,No,Use on-site facilities for recruiting and interviewing job applicants,Yes
WY,Center_Name,Gillette Workforce Center,Website,http://www.wyomingworkforce.org/contact/employment/,Google_Maps_Link,"https://www.google.com/maps/dir//551+Running+W+Drive,Gillette,WY+82718",Address,"551 Running W Drive
Suite 100
Gillette, WY 82718",Phone,307-682-9313,Type of Office,Affiliate One Stops,Office Level,Local,Veterans Employment Representative,Yes,Veterans Representative #1 Phone,307-682-9313,Veterans Rep. #1 E-mail Address,constance.brewer@wyo.gov,Business Representative Name,Tammy Maxted,Business Representative Email,tammy.maxted@wyo.gov,Business Representative Phone,307-682-9313,Parking Availability,parking in front of building - handicapped accessible,Public Transit Access,Taxi,Language  Capability,English,UI Filing Assistance Online Available,Yes,UI Filing Assistance from Staff Available,No,Telephones,Yes,Fax Machines,Yes,On-site Childcare,No,Video Viewing Stations,Yes,Rooms where employers can interview job seekers,Yes,Career Resource Room,Yes,Copy Machine,Yes,Personal Computers,Yes,Internet Access,Yes,Post your resume for employers to see,Yes,Get help in preparing for job interviews,Yes,Learn about strategies for finding a job,Yes,Find out how to get a work permit,Yes,"Find out about job openings (including work experience, internships and community service)",Yes,Get help preparing your resume,Yes,Improve your current job skills,Yes,Learn about the world of business,Yes,Learn new job skills,Yes,Improve your English skills (ESL),No,"Improve your reading, writing and math skills",No,Get information about schools and training programs,Yes,Prepare for a high school equivalency (HSE) exam,No,Learn about financial aid for training,Yes,Get help finding child care,Yes,Get help with living expenses while in training,Yes,Get information about employers in your local area,Yes,Assess your reading and math skills,Yes,Learn about jobs and careers suitable for you,Yes,Learn about what employers expect of their workers,Yes,Assess your career interests and skills,Yes,Learn about jobs in demand and rates of pay,Yes,Find out about summer learning opportunities,Yes,Get help in finding a summer job,Yes,Get outplacement services for employees you are laying off,Yes,"Get information on employment, wage and salary trends",Yes,Receive information on the Work Opportunity Tax Credit and other hiring incentives,Yes,Learn about legal requirements for hiring and firing workers,Yes,Learn about EEO and ADA requirements,Yes,Get your employee training needs analyzed,No,Learn about Unemployment Insurance taxes and eligibility rules,Yes,Get training costs reimbursed for qualified job candidates,Yes,Develop programs to train new workers for your business,Yes,Get help in analyzing and writing job descriptions,Yes,Learn how to interview job applicants effectively,Yes,Learn about strategies for recruiting workers,Yes,Have job applicants` skills tested,Yes,Get job applicants pre-screened,Yes,Get access to resumes posted by job applicants,Yes,Post your job openings,Yes,Have background checks conducted on job applicants,No,Use on-site facilities for recruiting and interviewing job applicants,Yes
WY,Center_Name,Jackson Workforce Center,Website,http://www.wyomingworkforce.org/contact/employment/,Google_Maps_Link,"https://www.google.com/maps/dir//155+West+Gill+Avenue,Jackson,WY+83001",Address,"155 West Gill Avenue
PO Box 1003
Jackson, WY 83001",Phone,307-733-4091,E-mail Address,colleen.dubbe@wyo.gov,Type of Office,Affiliate One Stops,Office Level,Local,Veterans Employment Representative,Yes,Veterans Representative #1 Phone,307-789-9802 Please call for an appointment,Veterans Rep. #1 E-mail Address,tom.saprony@wyo.gov,Business Representative Name,Sue Pepe,Business Representative Email,sue.pepe@wyo.gov,Business Representative Phone,307-733-4091,Parking Availability,lot and on the street,Public Transit Access,,Language  Capability,Spanish bilingual staff available by appointment.,UI Filing Assistance Online Available,Yes,UI Filing Assistance from Staff Available,No,Telephones,Yes,Fax Machines,Yes,On-site Childcare,No,Video Viewing Stations,Yes,Rooms where employers can interview job seekers,Yes,Career Resource Room,Yes,Copy Machine,Yes,Personal Computers,Yes,Internet Access,Yes,Post your resume for employers to see,No,Get help in preparing for job interviews,Yes,Learn about strategies for finding a job,Yes,Find out how to get a work permit,Yes,"Find out about job openings (including work experience, internships and community service)",Yes,Get help preparing your resume,Yes,Improve your current job skills,Yes,Learn about the world of business,Yes,Learn new job skills,Yes,Improve your English skills (ESL),No,"Improve your reading, writing and math skills",No,Get information about schools and training programs,Yes,Prepare for a high school equivalency (HSE) exam,Yes,Learn about financial aid for training,Yes,Get help finding child care,Yes,Get help with living expenses while in training,Yes,Get information about employers in your local area,Yes,Assess your reading and math skills,Yes,Learn about jobs and careers suitable for you,Yes,Learn about what employers expect of their workers,Yes,Assess your career interests and skills,Yes,Learn about jobs in demand and rates of pay,Yes,Find out about summer learning opportunities,Yes,Get help in finding a summer job,Yes,Get outplacement services for employees you are laying off,Yes,"Get information on employment, wage and salary trends",Yes,Receive information on the Work Opportunity Tax Credit and other hiring incentives,Yes,Learn about legal requirements for hiring and firing workers,Yes,Learn about EEO and ADA requirements,Yes,Get your employee training needs analyzed,No,Learn about Unemployment Insurance taxes and eligibility rules,Yes,Get training costs reimbursed for qualified job candidates,Yes,Develop programs to train new workers for your business,Yes,Get help in analyzing and writing job descriptions,Yes,Learn how to interview job applicants effectively,Yes,Learn about strategies for recruiting workers,Yes,Have job applicants` skills tested,Yes,Get job applicants pre-screened,Yes,Get access to resumes posted by job applicants,No,Post your job openings,Yes,Have background checks conducted on job applicants,No,Use on-site facilities for recruiting and interviewing job applicants,Yes
WY,Center_Name,,Website,http://www.wyomingworkforce.org/contact/employment/,Google_Maps_Link,,Address,"1295 12th Street
Lander, WY 82520",Phone,307-335-9224,E-mail Address,deanna.crofts@wyo.gov,Type of Office,Affiliate One Stops,Office Level,Local,Veterans Employment Representative,Yes,Veterans Representative #1 Phone,307-856-9231,Veterans Rep. #1 E-mail Address,josh.lehto@wyo.gov,Business Representative Name,Casey Barnum,Business Representative Email,casey.barnum@wyo.gov,Parking Availability,good - level surfaces - no steps,Public Transit Access,Limited to Sen.Citizens&amp;Wind River Transportation,Language  Capability,English,UI Filing Assistance Online Available,No,UI Filing Assistance from Staff Available,Yes,Telephones,Yes,Fax Machines,Yes,On-site Childcare,No,Video Viewing Stations,Yes,Rooms where employers can interview job seekers,Yes,Career Resource Room,Yes,Copy Machine,Yes,Personal Computers,Yes,Internet Access,Yes,Post your resume for employers to see,Yes,Get help in preparing for job interviews,Yes,Learn about strategies for finding a job,Yes,Find out how to get a work permit,Yes,"Find out about job openings (including work experience, internships and community service)",Yes,Get help preparing your resume,Yes,Improve your current job skills,No,Learn about the world of business,No,Learn new job skills,Yes,Improve your English skills (ESL),No,"Improve your reading, writing and math skills",No,Get information about schools and training programs,Yes,Prepare for a high school equivalency (HSE) exam,No,Learn about financial aid for training,Yes,Get help finding child care,No,Get help with living expenses while in training,No,Get information about employers in your local area,Yes,Assess your reading and math skills,Yes,Learn about jobs and careers suitable for you,Yes,Learn about what employers expect of their workers,Yes,Assess your career interests and skills,Yes,Learn about jobs in demand and rates of pay,Yes,Find out about summer learning opportunities,No,Get help in finding a summer job,Yes,Get outplacement services for employees you are laying off,Yes,"Get information on employment, wage and salary trends",Yes,Receive information on the Work Opportunity Tax Credit and other hiring incentives,Yes,Learn about legal requirements for hiring and firing workers,No,Learn about EEO and ADA requirements,Yes,Get your employee training needs analyzed,No,Learn about Unemployment Insurance taxes and eligibility rules,Yes,Get training costs reimbursed for qualified job candidates,Yes,Develop programs to train new workers for your business,No,Get help in analyzing and writing job descriptions,Yes,Learn how to interview job applicants effectively,Yes,Learn about strategies for recruiting workers,Yes,Have job applicants` skills tested,Yes,Get job applicants pre-screened,Yes,Get access to resumes posted by job applicants,Yes,Post your job openings,Yes,Have background checks conducted on job applicants,No,Use on-site facilities for recruiting and interviewing job applicants,Yes
WY,Center_Name,Laramie Workforce Center,Website,http://www.wyomingworkforce.org/contact/employment/,Google_Maps_Link,"https://www.google.com/maps/dir//3817+Beech+St,Laramie,WY+82070",Address,"3817 Beech St
Suite 100
Laramie, WY 82070",Phone,307-742-2153,E-mail Address,dws-laramie-wc@wyo.gov,Type of Office,Affiliate One Stops,Office Level,Local,Veterans Employment Representative,Yes,Veterans Representative #1 Phone,307-777-3713,Business Representative Name,All staff on site,Business Representative Email,dws-laramie-wc@wyo.gov,Business Representative Phone,307-742-2153,Parking Availability,On street,Public Transit Access,scheduled bus routes,Language  Capability,English,UI Filing Assistance Online Available,Yes,UI Filing Assistance from Staff Available,No,Telephones,Yes,Fax Machines,Yes,On-site Childcare,No,Video Viewing Stations,Yes,Rooms where employers can interview job seekers,Yes,Career Resource Room,Yes,Copy Machine,Yes,Personal Computers,Yes,Internet Access,Yes,Post your resume for employers to see,Yes,Get help in preparing for job interviews,Yes,Learn about strategies for finding a job,No,Find out how to get a work permit,No,"Find out about job openings (including work experience, internships and community service)",Yes,Get help preparing your resume,Yes,Improve your current job skills,Yes,Learn about the world of business,No,Learn new job skills,Yes,Improve your English skills (ESL),No,"Improve your reading, writing and math skills",No,Get information about schools and training programs,Yes,Prepare for a high school equivalency (HSE) exam,No,Learn about financial aid for training,No,Get help finding child care,No,Get help with living expenses while in training,Yes,Get information about employers in your local area,Yes,Assess your reading and math skills,Yes,Learn about jobs and careers suitable for you,Yes,Learn about what employers expect of their workers,Yes,Assess your career interests and skills,Yes,Learn about jobs in demand and rates of pay,Yes,Find out about summer learning opportunities,No,Get help in finding a summer job,Yes,Get outplacement services for employees you are laying off,No,"Get information on employment, wage and salary trends",Yes,Receive information on the Work Opportunity Tax Credit and other hiring incentives,Yes,Learn about legal requirements for hiring and firing workers,Yes,Learn about EEO and ADA requirements,Yes,Get your employee training needs analyzed,No,Learn about Unemployment Insurance taxes and eligibility rules,Yes,Get training costs reimbursed for qualified job candidates,Yes,Develop programs to train new workers for your business,No,Get help in analyzing and writing job descriptions,No,Learn how to interview job applicants effectively,No,Learn about strategies for recruiting workers,No,Have job applicants` skills tested,Yes,Get job applicants pre-screened,No,Get access to resumes posted by job applicants,Yes,Post your job openings,Yes,Have background checks conducted on job applicants,No,Use on-site facilities for recruiting and interviewing job applicants,Yes
WY,Center_Name,Newcastle Workforce Center,Website,http://www.wyomingworkforce.org/contact/employment/,Google_Maps_Link,,Address,"22922 HWY 85
Newcastle, WY 82701",Phone,307-746-9690,Type of Office,Affiliate One Stops,Office Level,Local,Veterans Employment Representative,Yes,Veterans Representative #1 Phone,307-687-5262,Veterans Rep. #1 E-mail Address,constance.brewer@wyo.gov,Business Representative Name,Dale,Parking Availability,yes,Public Transit Access,,Language  Capability,English,UI Filing Assistance Online Available,Yes,UI Filing Assistance from Staff Available,No,Telephones,Yes,Fax Machines,Yes,On-site Childcare,No,Video Viewing Stations,Yes,Rooms where employers can interview job seekers,Yes,Career Resource Room,Yes,Copy Machine,Yes,Personal Computers,Yes,Internet Access,Yes,Post your resume for employers to see,No,Get help in preparing for job interviews,No,Learn about strategies for finding a job,No,Find out how to get a work permit,No,"Find out about job openings (including work experience, internships and community service)",No,Get help preparing your resume,No,Improve your current job skills,Yes,Learn about the world of business,Yes,Learn new job skills,Yes,Improve your English skills (ESL),No,"Improve your reading, writing and math skills",Yes,Get information about schools and training programs,Yes,Prepare for a high school equivalency (HSE) exam,Yes,Learn about financial aid for training,Yes,Get help finding child care,Yes,Get help with living expenses while in training,Yes,Get information about employers in your local area,Yes,Assess your reading and math skills,Yes,Learn about jobs and careers suitable for you,Yes,Learn about what employers expect of their workers,No,Assess your career interests and skills,Yes,Learn about jobs in demand and rates of pay,Yes,Find out about summer learning opportunities,Yes,Get help in finding a summer job,Yes,Get outplacement services for employees you are laying off,Yes,"Get information on employment, wage and salary trends",Yes,Receive information on the Work Opportunity Tax Credit and other hiring incentives,Yes,Learn about legal requirements for hiring and firing workers,Yes,Learn about EEO and ADA requirements,Yes,Get your employee training needs analyzed,No,Learn about Unemployment Insurance taxes and eligibility rules,Yes,Get training costs reimbursed for qualified job candidates,Yes,Develop programs to train new workers for your business,Yes,Get help in analyzing and writing job descriptions,Yes,Learn how to interview job applicants effectively,Yes,Learn about strategies for recruiting workers,Yes,Have job applicants` skills tested,No,Get job applicants pre-screened,Yes,Get access to resumes posted by job applicants,Yes,Post your job openings,Yes,Have background checks conducted on job applicants,No,Use on-site facilities for recruiting and interviewing job applicants,Yes
WY,Center_Name,Powell Workforce Center,Website,http://www.wyomingworkforce.org/contact/employment/,Google_Maps_Link,,Address,"North Cheyenne Street
Powell, WY 82435",Phone,307-754-6436,Type of Office,Affiliate One Stops,Office Level,Local,Veterans Employment Representative,Yes,Veterans Representative #1 Phone,307-587-4241,Veterans Rep. #1 E-mail Address,mark.waltrup@wyo.gov,Business Representative Name,Ashley O`Neil,Business Representative Email,ashley.oneil@wyo.gov,Business Representative Phone,307-754-6436,Parking Availability,yes,Public Transit Access,no,UI Filing Assistance Online Available,Yes,UI Filing Assistance from Staff Available,Yes,Telephones,Yes,Fax Machines,Yes,On-site Childcare,No,Video Viewing Stations,No,Rooms where employers can interview job seekers,Yes,Career Resource Room,No,Copy Machine,Yes,Personal Computers,Yes,Internet Access,Yes,Post your resume for employers to see,No,Get help in preparing for job interviews,No,Learn about strategies for finding a job,No,Find out how to get a work permit,No,"Find out about job openings (including work experience, internships and community service)",No,Get help preparing your resume,No,Improve your current job skills,No,Learn about the world of business,No,Learn new job skills,No,Improve your English skills (ESL),No,"Improve your reading, writing and math skills",No,Get information about schools and training programs,No,Prepare for a high school equivalency (HSE) exam,No,Learn about financial aid for training,No,Get help finding child care,No,Get help with living expenses while in training,No,Get information about employers in your local area,No,Assess your reading and math skills,No,Learn about jobs and careers suitable for you,No,Learn about what employers expect of their workers,No,Assess your career interests and skills,No,Learn about jobs in demand and rates of pay,No,Find out about summer learning opportunities,No,Get help in finding a summer job,No,Get outplacement services for employees you are laying off,No,"Get information on employment, wage and salary trends",No,Receive information on the Work Opportunity Tax Credit and other hiring incentives,No,Learn about legal requirements for hiring and firing workers,No,Learn about EEO and ADA requirements,No,Get your employee training needs analyzed,No,Learn about Unemployment Insurance taxes and eligibility rules,No,Get training costs reimbursed for qualified job candidates,No,Develop programs to train new workers for your business,No,Get help in analyzing and writing job descriptions,No,Learn how to interview job applicants effectively,No,Learn about strategies for recruiting workers,No,Have job applicants` skills tested,No,Get job applicants pre-screened,No,Get access to resumes posted by job applicants,No,Post your job openings,No,Have background checks conducted on job applicants,No,Use on-site facilities for recruiting and interviewing job applicants,No
WY,Center_Name,Rawlins Workforce Center,Website,http://www.wyomingworkforce.org/contact/employment/,Google_Maps_Link,"https://www.google.com/maps/dir//1703+Edinburgh+St,Rawlins,WY+82301",Address,"1703 Edinburgh St
Rawlins, WY 82301",Phone,307-324-3485,E-mail Address,dws-rawlins-wc@wyo.gov,Type of Office,Affiliate One Stops,Office Level,Local,Veterans Employment Representative,Yes,Veterans Representative #1 Phone,307-362-3177,Veterans Rep. #1 E-mail Address,timothy.wolf@wyo.gov,Business Representative Name,All Center Staff,Business Representative Email,dws-rawlins-wc@wyo.gov,Business Representative Phone,307-324-3485,Parking Availability,Parking lot with Handicapped spaces near front door.,Public Transit Access,CATS - Community Access Transit System / M-F 8:30 A - 4:00 P / $.50 per ride,Language  Capability,French &amp; Spanish Bilingual Staff on site.,UI Filing Assistance Online Available,Yes,UI Filing Assistance from Staff Available,No,Telephones,Yes,Fax Machines,Yes,On-site Childcare,No,Video Viewing Stations,Yes,Rooms where employers can interview job seekers,Yes,Career Resource Room,Yes,Copy Machine,Yes,Personal Computers,Yes,Internet Access,Yes,Post your resume for employers to see,Yes,Get help in preparing for job interviews,Yes,Learn about strategies for finding a job,Yes,Find out how to get a work permit,Yes,"Find out about job openings (including work experience, internships and community service)",Yes,Get help preparing your resume,Yes,Improve your current job skills,Yes,Learn about the world of business,No,Learn new job skills,Yes,Improve your English skills (ESL),No,"Improve your reading, writing and math skills",No,Get information about schools and training programs,Yes,Prepare for a high school equivalency (HSE) exam,No,Learn about financial aid for training,Yes,Get help finding child care,Yes,Get help with living expenses while in training,Yes,Get information about employers in your local area,Yes,Assess your reading and math skills,Yes,Learn about jobs and careers suitable for you,Yes,Learn about what employers expect of their workers,Yes,Assess your career interests and skills,Yes,Learn about jobs in demand and rates of pay,Yes,Find out about summer learning opportunities,No,Get help in finding a summer job,Yes,Get outplacement services for employees you are laying off,Yes,"Get information on employment, wage and salary trends",Yes,Receive information on the Work Opportunity Tax Credit and other hiring incentives,Yes,Learn about legal requirements for hiring and firing workers,Yes,Learn about EEO and ADA requirements,Yes,Get your employee training needs analyzed,No,Learn about Unemployment Insurance taxes and eligibility rules,Yes,Get training costs reimbursed for qualified job candidates,Yes,Develop programs to train new workers for your business,No,Get help in analyzing and writing job descriptions,Yes,Learn how to interview job applicants effectively,No,Learn about strategies for recruiting workers,Yes,Have job applicants` skills tested,Yes,Get job applicants pre-screened,Yes,Get access to resumes posted by job applicants,Yes,Post your job openings,Yes,Have background checks conducted on job applicants,Yes,Use on-site facilities for recruiting and interviewing job applicants,Yes
WY,Center_Name,,Website,http://www.wyomingworkforce.org/contact/employment/,Google_Maps_Link,"https://www.google.com/maps/dir//422+East+Fremont,Riverton,WY+82501",Address,"422 East Fremont
PO Box 1610
Riverton, WY 82501",Phone,307-856-9231,E-mail Address,deanna.crofts@wyo.gov,Type of Office,Affiliate One Stops,Office Level,Local,Veterans Employment Representative,Yes,Veterans Representative #1 Phone,307-856-9231,Veterans Rep. #1 E-mail Address,josh.lehto@wyo.gov,Business Representative Name,Terry Settlemire,Business Representative Email,terry.settlemire@wyo.gov,Business Representative Phone,307-856-9231,Parking Availability,good - level surfaces - no steps,Public Transit Access,limited to Sen.Citizens &amp; Wind River Transportation,Language  Capability,English,UI Filing Assistance Online Available,Yes,UI Filing Assistance from Staff Available,No,Telephones,Yes,Fax Machines,Yes,On-site Childcare,No,Video Viewing Stations,Yes,Rooms where employers can interview job seekers,Yes,Career Resource Room,Yes,Copy Machine,Yes,Personal Computers,Yes,Internet Access,Yes,Post your resume for employers to see,Yes,Get help in preparing for job interviews,Yes,Learn about strategies for finding a job,Yes,Find out how to get a work permit,Yes,"Find out about job openings (including work experience, internships and community service)",Yes,Get help preparing your resume,Yes,Improve your current job skills,No,Learn about the world of business,No,Learn new job skills,Yes,Improve your English skills (ESL),No,"Improve your reading, writing and math skills",No,Get information about schools and training programs,Yes,Prepare for a high school equivalency (HSE) exam,No,Learn about financial aid for training,Yes,Get help finding child care,No,Get help with living expenses while in training,No,Get information about employers in your local area,Yes,Assess your reading and math skills,Yes,Learn about jobs and careers suitable for you,Yes,Learn about what employers expect of their workers,Yes,Assess your career interests and skills,Yes,Learn about jobs in demand and rates of pay,Yes,Find out about summer learning opportunities,No,Get help in finding a summer job,Yes,Get outplacement services for employees you are laying off,Yes,"Get information on employment, wage and salary trends",Yes,Receive information on the Work Opportunity Tax Credit and other hiring incentives,Yes,Learn about legal requirements for hiring and firing workers,No,Learn about EEO and ADA requirements,Yes,Get your employee training needs analyzed,No,Learn about Unemployment Insurance taxes and eligibility rules,Yes,Get training costs reimbursed for qualified job candidates,Yes,Develop programs to train new workers for your business,No,Get help in analyzing and writing job descriptions,Yes,Learn how to interview job applicants effectively,Yes,Learn about strategies for recruiting workers,Yes,Have job applicants` skills tested,Yes,Get job applicants pre-screened,Yes,Get access to resumes posted by job applicants,Yes,Post your job openings,Yes,Have background checks conducted on job applicants,No,Use on-site facilities for recruiting and interviewing job applicants,Yes
WY,Center_Name,Rock Springs Workforce Center,Website,http://www.wyomingworkforce.org/contact/employment/,Google_Maps_Link,"https://www.google.com/maps/dir//2451+Foothill+Blvd,Rock+Springs,WY+82901",Address,"2451 Foothill Blvd
Suite 100
Rock Springs, WY 82901",Phone,307-382-2747,E-mail Address,dws-rocksprings@wyo.gov,Type of Office,Affiliate One Stops,Office Level,Local,Veterans Employment Representative,Yes,Veterans Representative #1 Phone,307-382-2747,Veterans Rep. #1 E-mail Address,timothy.wolf@wyo.gov,Business Representative Name,Greg Madic,Business Representative Email,gregory.madic@wyo.gov,Business Representative Phone,307-382-2747,Parking Availability,large lot in rear - handicapped accessible thru rear entry,Public Transit Access,,Language  Capability,English,UI Filing Assistance Online Available,Yes,UI Filing Assistance from Staff Available,Yes,Telephones,Yes,Fax Machines,Yes,On-site Childcare,No,Video Viewing Stations,Yes,Rooms where employers can interview job seekers,Yes,Career Resource Room,Yes,Copy Machine,Yes,Personal Computers,Yes,Internet Access,Yes,Post your resume for employers to see,Yes,Get help in preparing for job interviews,Yes,Learn about strategies for finding a job,Yes,Find out how to get a work permit,Yes,"Find out about job openings (including work experience, internships and community service)",Yes,Get help preparing your resume,Yes,Improve your current job skills,Yes,Learn about the world of business,Yes,Learn new job skills,Yes,Improve your English skills (ESL),No,"Improve your reading, writing and math skills",Yes,Get information about schools and training programs,Yes,Prepare for a high school equivalency (HSE) exam,No,Learn about financial aid for training,Yes,Get help finding child care,Yes,Get help with living expenses while in training,No,Get information about employers in your local area,Yes,Assess your reading and math skills,Yes,Learn about jobs and careers suitable for you,Yes,Learn about what employers expect of their workers,Yes,Assess your career interests and skills,Yes,Learn about jobs in demand and rates of pay,Yes,Find out about summer learning opportunities,Yes,Get help in finding a summer job,Yes,Get outplacement services for employees you are laying off,Yes,"Get information on employment, wage and salary trends",Yes,Receive information on the Work Opportunity Tax Credit and other hiring incentives,Yes,Learn about legal requirements for hiring and firing workers,Yes,Learn about EEO and ADA requirements,Yes,Get your employee training needs analyzed,No,Learn about Unemployment Insurance taxes and eligibility rules,Yes,Get training costs reimbursed for qualified job candidates,Yes,Develop programs to train new workers for your business,No,Get help in analyzing and writing job descriptions,No,Learn how to interview job applicants effectively,Yes,Learn about strategies for recruiting workers,No,Have job applicants` skills tested,Yes,Get job applicants pre-screened,Yes,Get access to resumes posted by job applicants,Yes,Post your job openings,Yes,Have background checks conducted on job applicants,No,Use on-site facilities for recruiting and interviewing job applicants,Yes
WY,Center_Name,Sheridan Workforce Center,Website,http://www.wyomingworkforce.org/contact/employment/,Google_Maps_Link,"https://www.google.com/maps/dir//247+Grinnell+Plaza,Sheridan,WY+82801",Address,"247 Grinnell Plaza
Suite 200
Sheridan, WY 82801",Phone,307-672-9775,Type of Office,Affiliate One Stops,Office Level,Local,Veterans Employment Representative,Yes,Veterans Representative #1 Phone,307-675-5468,Veterans Rep. #1 E-mail Address,justin.bleak@wyo.gov,Business Representative Name,Jessica Madden; Pam Riendeau,Business Representative Email,Jessica.Madden@wyo.gov; pam.riendeau@wyo.gov,Business Representative Phone,307-675-5409; 307-675-5408,Parking Availability,handicapped and off-street parking,Public Transit Access,Taxi Service,Language  Capability,English,UI Filing Assistance Online Available,Yes,UI Filing Assistance from Staff Available,No,Telephones,Yes,Fax Machines,Yes,On-site Childcare,No,Video Viewing Stations,Yes,Rooms where employers can interview job seekers,Yes,Career Resource Room,Yes,Copy Machine,Yes,Personal Computers,Yes,Internet Access,Yes,Post your resume for employers to see,No,Get help in preparing for job interviews,Yes,Learn about strategies for finding a job,Yes,Find out how to get a work permit,Yes,"Find out about job openings (including work experience, internships and community service)",Yes,Get help preparing your resume,Yes,Improve your current job skills,Yes,Learn about the world of business,Yes,Learn new job skills,Yes,Improve your English skills (ESL),No,"Improve your reading, writing and math skills",No,Get information about schools and training programs,Yes,Prepare for a high school equivalency (HSE) exam,No,Learn about financial aid for training,Yes,Get help finding child care,Yes,Get help with living expenses while in training,Yes,Get information about employers in your local area,Yes,Assess your reading and math skills,No,Learn about jobs and careers suitable for you,Yes,Learn about what employers expect of their workers,Yes,Assess your career interests and skills,Yes,Learn about jobs in demand and rates of pay,Yes,Find out about summer learning opportunities,Yes,Get help in finding a summer job,Yes,Get outplacement services for employees you are laying off,Yes,"Get information on employment, wage and salary trends",Yes,Receive information on the Work Opportunity Tax Credit and other hiring incentives,Yes,Learn about legal requirements for hiring and firing workers,Yes,Learn about EEO and ADA requirements,Yes,Get your employee training needs analyzed,Yes,Learn about Unemployment Insurance taxes and eligibility rules,Yes,Get training costs reimbursed for qualified job candidates,Yes,Develop programs to train new workers for your business,Yes,Get help in analyzing and writing job descriptions,Yes,Learn how to interview job applicants effectively,Yes,Learn about strategies for recruiting workers,Yes,Have job applicants` skills tested,Yes,Get job applicants pre-screened,Yes,Get access to resumes posted by job applicants,No,Post your job openings,Yes,Have background checks conducted on job applicants,No,Use on-site facilities for recruiting and interviewing job applicants,Yes
WY,Center_Name,Torrington Workforce Center,Website,http://www.wyomingworkforce.org/contact/employment/,Google_Maps_Link,"https://www.google.com/maps/dir//1610+East+M+Street,Torrington,WY+82240-3508",Address,"1610 East M Street
Torrington, WY 82240-3508",Phone,307-532-4171,E-mail Address,torrington-wc@wyo.gov,Type of Office,Affiliate One Stops,Office Level,Local,Veterans Employment Representative,Yes,Veterans Representative #1 Phone,307-322-4741,Veterans Rep. #1 E-mail Address,Michael.davis@wyo.gov,Business Representative Name,Lynda Sargent,Business Representative Email,lynda.sargent@wyo.gov,Business Representative Phone,307-532-4171,Parking Availability,,Public Transit Access,,Language  Capability,Spanish bilingual staff on site.,UI Filing Assistance Online Available,Yes,UI Filing Assistance from Staff Available,No,Telephones,Yes,Fax Machines,Yes,On-site Childcare,No,Video Viewing Stations,No,Rooms where employers can interview job seekers,Yes,Career Resource Room,Yes,Copy Machine,Yes,Personal Computers,Yes,Internet Access,Yes,Post your resume for employers to see,Yes,Get help in preparing for job interviews,Yes,Learn about strategies for finding a job,Yes,Find out how to get a work permit,Yes,"Find out about job openings (including work experience, internships and community service)",Yes,Get help preparing your resume,Yes,Improve your current job skills,Yes,Learn about the world of business,Yes,Learn new job skills,Yes,Improve your English skills (ESL),Yes,"Improve your reading, writing and math skills",Yes,Get information about schools and training programs,Yes,Prepare for a high school equivalency (HSE) exam,Yes,Learn about financial aid for training,Yes,Get help finding child care,Yes,Get help with living expenses while in training,Yes,Get information about employers in your local area,Yes,Assess your reading and math skills,Yes,Learn about jobs and careers suitable for you,Yes,Learn about what employers expect of their workers,Yes,Assess your career interests and skills,Yes,Learn about jobs in demand and rates of pay,Yes,Find out about summer learning opportunities,Yes,Get help in finding a summer job,Yes,Get outplacement services for employees you are laying off,Yes,"Get information on employment, wage and salary trends",Yes,Receive information on the Work Opportunity Tax Credit and other hiring incentives,Yes,Learn about legal requirements for hiring and firing workers,Yes,Learn about EEO and ADA requirements,Yes,Get your employee training needs analyzed,Yes,Learn about Unemployment Insurance taxes and eligibility rules,Yes,Get training costs reimbursed for qualified job candidates,Yes,Develop programs to train new workers for your business,Yes,Get help in analyzing and writing job descriptions,Yes,Learn how to interview job applicants effectively,Yes,Learn about strategies for recruiting workers,Yes,Have job applicants` skills tested,Yes,Get job applicants pre-screened,Yes,Get access to resumes posted by job applicants,Yes,Post your job openings,Yes,Have background checks conducted on job applicants,Yes,Use on-site facilities for recruiting and interviewing job applicants,Yes
WY,Center_Name,Wheatland Workforce Center,Website,http://www.wyomingworkforce.org/contact/employment/,Google_Maps_Link,"https://www.google.com/maps/dir//1958+W.+Mariposa+Parkway,Wheatland,WY+82201",Address,"1958 W. Mariposa Parkway
Wheatland, WY 82201",Phone,307-322-4741,E-mail Address,dws-etwheatland@wyo.gov,Type of Office,Affiliate One Stops,Office Level,Local,Veterans Employment Representative,Yes,Veterans Representative #1 Phone,307-322-4741,Veterans Rep. #1 E-mail Address,michael.davis@wyo.gov,Business Representative Name,Kim Yeoman/Tamara Stenson,Business Representative Email,Kim.yeoman@wyo.gov; tamara.stenson@wyo.gov,Business Representative Phone,307-322-4741,Parking Availability,Handicapped Accessible,Public Transit Access,,Language  Capability,Sign Language,UI Filing Assistance Online Available,Yes,UI Filing Assistance from Staff Available,No,Telephones,Yes,Fax Machines,Yes,On-site Childcare,No,Video Viewing Stations,Yes,Rooms where employers can interview job seekers,No,Career Resource Room,Yes,Copy Machine,Yes,Personal Computers,Yes,Internet Access,Yes,Post your resume for employers to see,Yes,Get help in preparing for job interviews,Yes,Learn about strategies for finding a job,Yes,Find out how to get a work permit,No,"Find out about job openings (including work experience, internships and community service)",Yes,Get help preparing your resume,Yes,Improve your current job skills,Yes,Learn about the world of business,No,Learn new job skills,Yes,Improve your English skills (ESL),No,"Improve your reading, writing and math skills",No,Get information about schools and training programs,Yes,Prepare for a high school equivalency (HSE) exam,Yes,Learn about financial aid for training,Yes,Get help finding child care,Yes,Get help with living expenses while in training,Yes,Get information about employers in your local area,Yes,Assess your reading and math skills,Yes,Learn about jobs and careers suitable for you,Yes,Learn about what employers expect of their workers,Yes,Assess your career interests and skills,Yes,Learn about jobs in demand and rates of pay,Yes,Find out about summer learning opportunities,Yes,Get help in finding a summer job,Yes,Get outplacement services for employees you are laying off,Yes,"Get information on employment, wage and salary trends",Yes,Receive information on the Work Opportunity Tax Credit and other hiring incentives,Yes,Learn about legal requirements for hiring and firing workers,Yes,Learn about EEO and ADA requirements,Yes,Get your employee training needs analyzed,No,Learn about Unemployment Insurance taxes and eligibility rules,Yes,Get training costs reimbursed for qualified job candidates,Yes,Develop programs to train new workers for your business,Yes,Get help in analyzing and writing job descriptions,Yes,Learn how to interview job applicants effectively,Yes,Learn about strategies for recruiting workers,Yes,Have job applicants` skills tested,No,Get job applicants pre-screened,Yes,Get access to resumes posted by job applicants,Yes,Post your job openings,Yes,Have background checks conducted on job applicants,No,Use on-site facilities for recruiting and interviewing job applicants,No
WY,Center_Name,Worland Workforce Center,Website,http://www.wyomingworkforce.org/contact/employment/,Google_Maps_Link,"https://www.google.com/maps/dir//1200+Culbertson+Street,Worland,WY+82401-2920",Address,"1200 Culbertson Street
Suite F
Worland, WY 82401-2920",Phone,307-347-8173,E-mail Address,danny.garcia@wyo.gov,Type of Office,Affiliate One Stops,Office Level,Local,Veterans Employment Representative,Yes,Veterans Representative #1 Phone,307-587-4241,Veterans Rep. #1 E-mail Address,mark.waltrup@wyo.gov,Business Representative Name,DeAnne Jensen,Business Representative Email,deanne.jensen@wyo.gov,Business Representative Phone,307-347-8173,Parking Availability,Limited,Public Transit Access,,Language  Capability,Spanish Bilingual Staff on site.,UI Filing Assistance Online Available,Yes,UI Filing Assistance from Staff Available,No,Telephones,Yes,Fax Machines,Yes,On-site Childcare,No,Video Viewing Stations,Yes,Rooms where employers can interview job seekers,Yes,Career Resource Room,Yes,Copy Machine,Yes,Personal Computers,Yes,Internet Access,Yes,Post your resume for employers to see,Yes,Get help in preparing for job interviews,Yes,Learn about strategies for finding a job,Yes,Find out how to get a work permit,Yes,"Find out about job openings (including work experience, internships and community service)",Yes,Get help preparing your resume,Yes,Improve your current job skills,Yes,Learn about the world of business,Yes,Learn new job skills,Yes,Improve your English skills (ESL),Yes,"Improve your reading, writing and math skills",Yes,Get information about schools and training programs,Yes,Prepare for a high school equivalency (HSE) exam,Yes,Learn about financial aid for training,Yes,Get help finding child care,Yes,Get help with living expenses while in training,Yes,Get information about employers in your local area,Yes,Assess your reading and math skills,Yes,Learn about jobs and careers suitable for you,Yes,Learn about what employers expect of their workers,Yes,Assess your career interests and skills,Yes,Learn about jobs in demand and rates of pay,Yes,Find out about summer learning opportunities,Yes,Get help in finding a summer job,Yes,Get outplacement services for employees you are laying off,Yes,"Get information on employment, wage and salary trends",Yes,Receive information on the Work Opportunity Tax Credit and other hiring incentives,Yes,Learn about legal requirements for hiring and firing workers,Yes,Learn about EEO and ADA requirements,Yes,Get your employee training needs analyzed,Yes,Learn about Unemployment Insurance taxes and eligibility rules,Yes,Get training costs reimbursed for qualified job candidates,Yes,Develop programs to train new workers for your business,Yes,Get help in analyzing and writing job descriptions,Yes,Learn how to interview job applicants effectively,Yes,Learn about strategies for recruiting workers,Yes,Have job applicants` skills tested,Yes,Get job applicants pre-screened,Yes,Get access to resumes posted by job applicants,No,Post your job openings,Yes,Have background checks conducted on job applicants,No,Use on-site facilities for recruiting and interviewing job applicants,Yes
