NE,Center_Name,Nebraska Department of Labor - Alliance,Website,https://dol.nebraska.gov/ReemploymentServices,Google_Maps_Link,"https://www.google.com/maps/dir//1750+Sweetwater+Avenue,Alliance,NE+69301",Address,"1750 Sweetwater Avenue
#13
Alliance, NE 69301",Phone,308-763-2935,E-mail Address,NDOL.AllianceWFD@nebraska.gov,Type of Office,Comprehensive One-Stop Career Centers,Office Level,Local,Veterans Employment Representative,Yes,Veterans Representative #1 Phone,308-632-1423,Veterans Rep. #1 E-mail Address,alan.trook@nebraska.gov,Business Representative Name,Jill Langemeier,Business Representative Email,jill.langemeier@nebraska.gov,Business Representative Phone,308-763-2951,Parking Availability,yes,Public Transit Access,no,UI Filing Assistance Online Available,Yes,UI Filing Assistance from Staff Available,No,Career Resource Room,Yes,Telephones,Yes,Fax Machines,Yes,Copy Machine,Yes,On-site Childcare,No,Internet Access,Yes,Video Viewing Stations,Yes,Rooms where employers can interview job seekers,Yes,Personal Computers,Yes,Find out how to get a work permit,Yes,Learn about strategies for finding a job,Yes,Get help in preparing for job interviews,Yes,Get help preparing your resume,Yes,"Find out about job openings (including work experience, internships and community service)",Yes,Post your resume for employers to see,Yes,Learn new job skills,Yes,Prepare for a high school equivalency (HSE) exam,Yes,"Improve your reading, writing and math skills",Yes,Improve your English skills (ESL),Yes,Learn about the world of business,Yes,Improve your current job skills,Yes,Get information about schools and training programs,Yes,Get help finding child care,Yes,Get help with living expenses while in training,Yes,Learn about financial aid for training,Yes,Get information about employers in your local area,Yes,Learn about what employers expect of their workers,Yes,Assess your career interests,Yes,Learn about jobs and careers suitable for you,Yes,Learn about jobs in demand and rates of pay,Yes,Assess your reading and math skills,Yes,Get help in finding a summer job,Yes,Find out about summer learning opportunities,Yes,Learn about EEO and ADA requirements,Yes,"Get information on employment, wage and salary trends",Yes,Receive information on the Work Opportunity Tax Credit and other hiring incentives,Yes,Get your employee training needs analyzed,Yes,Get outplacement services for employees you are laying off,Yes,Learn about legal requirements for hiring and firing workers,Yes,Learn about Unemployment Insurance taxes and eligibility rules,Yes,Post your job openings,Yes,Get access to resumes posted by job applicants,Yes,Get training costs reimbursed for qualified job candidates,Yes,Develop programs to train new workers for your business,Yes,Get help in analyzing and writing job descriptions,Yes,Learn how to interview job applicants effectively,Yes,Learn about strategies for recruiting workers,Yes,Have background checks conducted on job applicants,No,Have job applicants` skills tested,Yes,Use on-site facilities for recruiting and interviewing job applicants,Yes,Get job applicants pre-screened,Yes
NE,Center_Name,,Website,,Google_Maps_Link,"https://www.google.com/maps/dir//2317+North+6th+st.,Beatrice,NE+68310-1408",Address,,Phone,402-223-6060,E-mail Address,ndol.beatricewfd@nebraska.gov,Type of Office,Comprehensive One-Stop Career Centers,Office Level,Local,Veterans Employment Representative,Yes,Veterans Representative #1 Phone,402-223-6622,Veterans Rep. #1 E-mail Address,sandra.grigg@nebraska.gov,Business Representative Name,Kayla Stege,Business Representative Email,kayla.stege@nebraska.gov,Business Representative Phone,402-223-6624,Parking Availability,yes,Public Transit Access,no,Language  Capability,English,UI Filing Assistance Online Available,Yes,UI Filing Assistance from Staff Available,No,Career Resource Room,Yes,Telephones,Yes,Fax Machines,Yes,Copy Machine,Yes,On-site Childcare,No,Internet Access,Yes,Video Viewing Stations,Yes,Rooms where employers can interview job seekers,Yes,Personal Computers,Yes,Find out how to get a work permit,Yes,Learn about strategies for finding a job,Yes,Get help in preparing for job interviews,Yes,Get help preparing your resume,Yes,"Find out about job openings (including work experience, internships and community service)",Yes,Post your resume for employers to see,Yes,Learn new job skills,Yes,Prepare for a high school equivalency (HSE) exam,Yes,"Improve your reading, writing and math skills",Yes,Improve your English skills (ESL),Yes,Learn about the world of business,Yes,Improve your current job skills,Yes,Get information about schools and training programs,Yes,Get help finding child care,Yes,Get help with living expenses while in training,Yes,Learn about financial aid for training,Yes,Get information about employers in your local area,Yes,Learn about what employers expect of their workers,Yes,Assess your career interests,Yes,Learn about jobs and careers suitable for you,Yes,Learn about jobs in demand and rates of pay,Yes,Assess your reading and math skills,Yes,Get help in finding a summer job,Yes,Find out about summer learning opportunities,Yes,Learn about EEO and ADA requirements,Yes,"Get information on employment, wage and salary trends",Yes,Receive information on the Work Opportunity Tax Credit and other hiring incentives,Yes,Get your employee training needs analyzed,No,Get outplacement services for employees you are laying off,Yes,Learn about legal requirements for hiring and firing workers,Yes,Learn about Unemployment Insurance taxes and eligibility rules,Yes,Post your job openings,Yes,Get access to resumes posted by job applicants,Yes,Get training costs reimbursed for qualified job candidates,Yes,Develop programs to train new workers for your business,Yes,Get help in analyzing and writing job descriptions,Yes,Learn how to interview job applicants effectively,Yes,Learn about strategies for recruiting workers,Yes,Have background checks conducted on job applicants,Yes,Have job applicants` skills tested,Yes,Use on-site facilities for recruiting and interviewing job applicants,Yes,Get job applicants pre-screened,Yes
NE,Center_Name,Columbus Career Center,Website,https://dol.nebraska.gov/ReemploymentServices,Google_Maps_Link,"https://www.google.com/maps/dir//3100+23rd+Street,Columbus,NE+68601-4254",Address,"3100 23rd Street
Suite 22
Columbus, NE 68601-4254",Phone,402-564-7160,E-mail Address,ndol.columbuswfd@nebraska.gov,Type of Office,Comprehensive One-Stop Career Centers,Office Level,Local,Veterans Employment Representative,Yes,Veterans Representative #1 Phone,402-564-3117,Veterans Rep. #1 E-mail Address,david.rangeloff@nebraska.gov,Business Representative Name,Colleen Jensen,Business Representative Email,colleen.jensen@nebraska.gov,Business Representative Phone,402-563-2707,Parking Availability,yes,Public Transit Access,handi bus for elderly and disabled,Language  Capability,"Spanish, English, German",UI Filing Assistance Online Available,Yes,UI Filing Assistance from Staff Available,No,Career Resource Room,Yes,Telephones,Yes,Fax Machines,Yes,Copy Machine,Yes,On-site Childcare,No,Internet Access,Yes,Video Viewing Stations,Yes,Rooms where employers can interview job seekers,Yes,Personal Computers,Yes,Find out how to get a work permit,Yes,Learn about strategies for finding a job,Yes,Get help in preparing for job interviews,Yes,Get help preparing your resume,Yes,"Find out about job openings (including work experience, internships and community service)",Yes,Post your resume for employers to see,Yes,Learn new job skills,Yes,Prepare for a high school equivalency (HSE) exam,Yes,"Improve your reading, writing and math skills",Yes,Improve your English skills (ESL),Yes,Learn about the world of business,Yes,Improve your current job skills,Yes,Get information about schools and training programs,Yes,Get help finding child care,Yes,Get help with living expenses while in training,Yes,Learn about financial aid for training,Yes,Get information about employers in your local area,Yes,Learn about what employers expect of their workers,Yes,Assess your career interests,Yes,Learn about jobs and careers suitable for you,Yes,Learn about jobs in demand and rates of pay,Yes,Assess your reading and math skills,Yes,Get help in finding a summer job,Yes,Find out about summer learning opportunities,Yes,Learn about EEO and ADA requirements,Yes,"Get information on employment, wage and salary trends",Yes,Receive information on the Work Opportunity Tax Credit and other hiring incentives,Yes,Get your employee training needs analyzed,No,Get outplacement services for employees you are laying off,Yes,Learn about legal requirements for hiring and firing workers,Yes,Learn about Unemployment Insurance taxes and eligibility rules,Yes,Post your job openings,Yes,Get access to resumes posted by job applicants,Yes,Get training costs reimbursed for qualified job candidates,Yes,Develop programs to train new workers for your business,Yes,Get help in analyzing and writing job descriptions,Yes,Learn how to interview job applicants effectively,Yes,Learn about strategies for recruiting workers,Yes,Have background checks conducted on job applicants,No,Have job applicants` skills tested,Yes,Use on-site facilities for recruiting and interviewing job applicants,Yes,Get job applicants pre-screened,Yes
NE,Center_Name,Nebraska Workforce Development - Grand Island,Website,https://dol.nebraska.gov/ReemploymentServices,Google_Maps_Link,"https://www.google.com/maps/dir//203+E+Stolley+Park+Rd,Grand+Island,NE+68801",Address,"203 E Stolley Park Rd
Suite A
Grand Island, NE 68801",Phone,308-385-6300,E-mail Address,randy.kissinger@nebraska.gov,Type of Office,Comprehensive One-Stop Career Centers,Office Level,Local,Veterans Employment Representative,Yes,Veterans Representative #1 Phone,308-385-6300,Veterans Rep. #1 E-mail Address,joshua.whited@nebraska.gov,Parking Availability,yes,Public Transit Access,"taxi or handi bus, no bus",Language  Capability,"English, Spanish",UI Filing Assistance Online Available,Yes,UI Filing Assistance from Staff Available,No,Career Resource Room,Yes,Telephones,Yes,Fax Machines,Yes,Copy Machine,Yes,On-site Childcare,No,Internet Access,Yes,Video Viewing Stations,Yes,Rooms where employers can interview job seekers,Yes,Personal Computers,Yes,Find out how to get a work permit,Yes,Learn about strategies for finding a job,Yes,Get help in preparing for job interviews,Yes,Get help preparing your resume,Yes,"Find out about job openings (including work experience, internships and community service)",Yes,Post your resume for employers to see,Yes,Learn new job skills,Yes,Prepare for a high school equivalency (HSE) exam,Yes,"Improve your reading, writing and math skills",Yes,Improve your English skills (ESL),Yes,Learn about the world of business,Yes,Improve your current job skills,Yes,Get information about schools and training programs,Yes,Get help finding child care,Yes,Get help with living expenses while in training,Yes,Learn about financial aid for training,Yes,Get information about employers in your local area,Yes,Learn about what employers expect of their workers,Yes,Assess your career interests,Yes,Learn about jobs and careers suitable for you,Yes,Learn about jobs in demand and rates of pay,Yes,Assess your reading and math skills,Yes,Get help in finding a summer job,Yes,Find out about summer learning opportunities,Yes,Learn about EEO and ADA requirements,Yes,"Get information on employment, wage and salary trends",Yes,Receive information on the Work Opportunity Tax Credit and other hiring incentives,Yes,Get your employee training needs analyzed,Yes,Get outplacement services for employees you are laying off,Yes,Learn about legal requirements for hiring and firing workers,Yes,Learn about Unemployment Insurance taxes and eligibility rules,Yes,Post your job openings,Yes,Get access to resumes posted by job applicants,Yes,Get training costs reimbursed for qualified job candidates,Yes,Develop programs to train new workers for your business,Yes,Get help in analyzing and writing job descriptions,Yes,Learn how to interview job applicants effectively,Yes,Learn about strategies for recruiting workers,Yes,Have background checks conducted on job applicants,No,Have job applicants` skills tested,Yes,Use on-site facilities for recruiting and interviewing job applicants,Yes,Get job applicants pre-screened,Yes
NE,Center_Name,Hastings Workforce Development,Website,https://www.cityofhastings.org/departments/human-resources/nebraska-workforce-developement.html,Google_Maps_Link,"https://www.google.com/maps/dir//2727+West+2nd+Street,Hastings,NE+68901-4663",Address,"2727 West 2nd Street
Suite 338, Landmark Center
Hastings, NE 68901-4663",Phone,402-462-1867,E-mail Address,janet.brooke@nebraska.gov,Type of Office,Affiliate One Stops,Office Level,Local,Veterans Employment Representative,Yes,Veterans Representative #1 Phone,402-462-1876,Veterans Rep. #1 E-mail Address,joshua.whited@nebraska.gov,Veterans Representative #2 Phone,402-462-1876,Veterans Rep. #2 E-mail Address,Gregory.Gentert@nebraska.gov,Business Representative Name,Lisa Hubl,Business Representative Email,lisa.hubl@nebraska.gov,Business Representative Phone,402-461-1875,Parking Availability,yes,Public Transit Access,no,Language  Capability,Spanish and English,UI Filing Assistance Online Available,Yes,UI Filing Assistance from Staff Available,No,Telephones,Yes,Fax Machines,Yes,On-site Childcare,No,Video Viewing Stations,Yes,Rooms where employers can interview job seekers,Yes,Career Resource Room,Yes,Copy Machine,Yes,Personal Computers,Yes,Internet Access,Yes,Post your resume for employers to see,Yes,Get help in preparing for job interviews,Yes,Learn about strategies for finding a job,Yes,Find out how to get a work permit,Yes,"Find out about job openings (including work experience, internships and community service)",Yes,Get help preparing your resume,Yes,Improve your current job skills,Yes,Learn about the world of business,Yes,Learn new job skills,Yes,Improve your English skills (ESL),No,"Improve your reading, writing and math skills",No,Get information about schools and training programs,Yes,Prepare for a high school equivalency (HSE) exam,No,Learn about financial aid for training,Yes,Get help finding child care,Yes,Get help with living expenses while in training,Yes,Get information about employers in your local area,Yes,Assess your reading and math skills,Yes,Learn about jobs and careers suitable for you,Yes,Learn about what employers expect of their workers,Yes,Assess your career interests and skills,Yes,Learn about jobs in demand and rates of pay,Yes,Find out about summer learning opportunities,Yes,Get help in finding a summer job,Yes,Get outplacement services for employees you are laying off,Yes,"Get information on employment, wage and salary trends",Yes,Receive information on the Work Opportunity Tax Credit and other hiring incentives,Yes,Learn about legal requirements for hiring and firing workers,Yes,Learn about EEO and ADA requirements,Yes,Get your employee training needs analyzed,Yes,Learn about Unemployment Insurance taxes and eligibility rules,Yes,Get training costs reimbursed for qualified job candidates,Yes,Develop programs to train new workers for your business,Yes,Get help in analyzing and writing job descriptions,No,Learn how to interview job applicants effectively,No,Learn about strategies for recruiting workers,No,Have job applicants` skills tested,Yes,Get job applicants pre-screened,Yes,Get access to resumes posted by job applicants,Yes,Post your job openings,Yes,Have background checks conducted on job applicants,No,Use on-site facilities for recruiting and interviewing job applicants,Yes
NE,Center_Name,Kearney Works,Website,Directions,Google_Maps_Link,"https://www.google.com/maps/dir//315+60th+Street,Kearney,NE+68845",Address,"315 60th Street
Suite 225
Kearney, NE 68845",Phone,,Type of Office,Comprehensive One-Stop Career Centers,Office Level,Federal,Veterans Employment Representative,No,UI Filing Assistance Online Available,Yes,UI Filing Assistance from Staff Available,Yes,Career Resource Room,Yes,Telephones,Yes,Fax Machines,Yes,Copy Machine,Yes,On-site Childcare,Yes,Internet Access,Yes,Video Viewing Stations,Yes,Rooms where employers can interview job seekers,Yes,Personal Computers,Yes,Find out how to get a work permit,Yes,Learn about strategies for finding a job,Yes,Get help in preparing for job interviews,Yes,Get help preparing your resume,Yes,"Find out about job openings (including work experience, internships and community service)",Yes,Post your resume for employers to see,Yes,Learn new job skills,Yes,Prepare for a high school equivalency (HSE) exam,Yes,"Improve your reading, writing and math skills",Yes,Improve your English skills (ESL),Yes,Learn about the world of business,Yes,Improve your current job skills,Yes,Get information about schools and training programs,Yes,Get help finding child care,Yes,Get help with living expenses while in training,Yes,Learn about financial aid for training,Yes,Get information about employers in your local area,Yes,Learn about what employers expect of their workers,Yes,Assess your career interests,Yes,Learn about jobs and careers suitable for you,Yes,Learn about jobs in demand and rates of pay,Yes,Assess your reading and math skills,Yes,Get help in finding a summer job,Yes,Find out about summer learning opportunities,Yes,Learn about EEO and ADA requirements,Yes,"Get information on employment, wage and salary trends",Yes,Receive information on the Work Opportunity Tax Credit and other hiring incentives,Yes,Get your employee training needs analyzed,Yes,Get outplacement services for employees you are laying off,Yes,Learn about legal requirements for hiring and firing workers,Yes,Learn about Unemployment Insurance taxes and eligibility rules,Yes,Post your job openings,Yes,Get access to resumes posted by job applicants,Yes,Get training costs reimbursed for qualified job candidates,Yes,Develop programs to train new workers for your business,Yes,Get help in analyzing and writing job descriptions,Yes,Learn how to interview job applicants effectively,Yes,Learn about strategies for recruiting workers,Yes,Have background checks conducted on job applicants,Yes,Have job applicants` skills tested,Yes,Use on-site facilities for recruiting and interviewing job applicants,Yes,Get job applicants pre-screened,Yes
NE,Center_Name,Lexington Workforce Development,Website,https://dol.nebraska.gov/ReemploymentServices,Google_Maps_Link,"https://www.google.com/maps/dir//1501+Plum+Creek+Pkwy,Lexington,NE+68850-1212",Address,"1501 Plum Creek Pkwy
Suite #3
Lexington, NE 68850-1212",Phone,308-324-2064,E-mail Address,ndol.lexington@wfd.nebraska.gov,Type of Office,Comprehensive One-Stop Career Centers,Office Level,Local,Veterans Employment Representative,Yes,Veterans Representative #1 Phone,303-535-8023,Veterans Rep. #1 E-mail Address,Thomas.gann@nebraska.gov,Business Representative Name,Jean Holbrook,Business Representative Email,Jean.holbrook@nebraska.gov,Business Representative Phone,308-324-2064,Parking Availability,yes,Public Transit Access,no,Language  Capability,English and Spanish,UI Filing Assistance Online Available,Yes,UI Filing Assistance from Staff Available,No,Career Resource Room,No,Telephones,No,Fax Machines,No,Copy Machine,No,On-site Childcare,No,Internet Access,No,Video Viewing Stations,No,Rooms where employers can interview job seekers,No,Personal Computers,No,Find out how to get a work permit,Yes,Learn about strategies for finding a job,Yes,Get help in preparing for job interviews,Yes,Get help preparing your resume,Yes,"Find out about job openings (including work experience, internships and community service)",Yes,Post your resume for employers to see,Yes,Learn new job skills,Yes,Prepare for a high school equivalency (HSE) exam,Yes,"Improve your reading, writing and math skills",Yes,Improve your English skills (ESL),Yes,Learn about the world of business,Yes,Improve your current job skills,Yes,Get information about schools and training programs,Yes,Get help finding child care,Yes,Get help with living expenses while in training,Yes,Learn about financial aid for training,Yes,Get information about employers in your local area,Yes,Learn about what employers expect of their workers,Yes,Assess your career interests,Yes,Learn about jobs and careers suitable for you,Yes,Learn about jobs in demand and rates of pay,Yes,Assess your reading and math skills,Yes,Get help in finding a summer job,Yes,Find out about summer learning opportunities,Yes,Learn about EEO and ADA requirements,Yes,"Get information on employment, wage and salary trends",Yes,Receive information on the Work Opportunity Tax Credit and other hiring incentives,Yes,Get your employee training needs analyzed,Yes,Get outplacement services for employees you are laying off,Yes,Learn about legal requirements for hiring and firing workers,Yes,Learn about Unemployment Insurance taxes and eligibility rules,Yes,Post your job openings,Yes,Get access to resumes posted by job applicants,Yes,Get training costs reimbursed for qualified job candidates,Yes,Develop programs to train new workers for your business,Yes,Get help in analyzing and writing job descriptions,Yes,Learn how to interview job applicants effectively,Yes,Learn about strategies for recruiting workers,Yes,Have background checks conducted on job applicants,Yes,Have job applicants` skills tested,Yes,Use on-site facilities for recruiting and interviewing job applicants,Yes,Get job applicants pre-screened,Yes
NE,Center_Name,American Job Center - Lincoln,Website,https://app.lincoln.ne.gov/city/urban/workforce/onestop.htm,Google_Maps_Link,"https://www.google.com/maps/dir//1111+O+Street,Lincoln,NE+68508",Address,"1111 O Street
Suite 205
Lincoln, NE 68508",Phone,402-413-9236,E-mail Address,LNWIOA@rescare.com,Type of Office,Comprehensive One-Stop Career Centers,Office Level,Local,Veterans Employment Representative,Yes,Veterans Representative #1 Phone,402-471-2279,Veterans Rep. #1 E-mail Address,dave.bopp@nebraska.gov,Veterans Representative #2 Phone,402-471-4477,Veterans Rep. #2 E-mail Address,andrew.strasburg@nebraska.gov,Business Representative Name,Iyonna Clay,Business Representative Email,Iyonna.clay@equusworks.com,Business Representative Phone,402-509-3488,Parking Availability,,Public Transit Access,,Language  Capability,English with translators available by phone,UI Filing Assistance Online Available,Yes,UI Filing Assistance from Staff Available,No,Career Resource Room,Yes,Telephones,Yes,Fax Machines,Yes,Copy Machine,Yes,On-site Childcare,No,Internet Access,Yes,Video Viewing Stations,Yes,Rooms where employers can interview job seekers,Yes,Personal Computers,Yes,Find out how to get a work permit,Yes,Learn about strategies for finding a job,Yes,Get help in preparing for job interviews,Yes,Get help preparing your resume,Yes,"Find out about job openings (including work experience, internships and community service)",Yes,Post your resume for employers to see,Yes,Learn new job skills,Yes,Prepare for a high school equivalency (HSE) exam,Yes,"Improve your reading, writing and math skills",Yes,Improve your English skills (ESL),Yes,Learn about the world of business,Yes,Improve your current job skills,Yes,Get information about schools and training programs,Yes,Get help finding child care,No,Get help with living expenses while in training,Yes,Learn about financial aid for training,Yes,Get information about employers in your local area,Yes,Learn about what employers expect of their workers,Yes,Assess your career interests,Yes,Learn about jobs and careers suitable for you,Yes,Learn about jobs in demand and rates of pay,Yes,Assess your reading and math skills,Yes,Get help in finding a summer job,Yes,Find out about summer learning opportunities,Yes,Learn about EEO and ADA requirements,No,"Get information on employment, wage and salary trends",No,Receive information on the Work Opportunity Tax Credit and other hiring incentives,No,Get your employee training needs analyzed,No,Get outplacement services for employees you are laying off,Yes,Learn about legal requirements for hiring and firing workers,No,Learn about Unemployment Insurance taxes and eligibility rules,No,Post your job openings,Yes,Get access to resumes posted by job applicants,Yes,Get training costs reimbursed for qualified job candidates,Yes,Develop programs to train new workers for your business,Yes,Get help in analyzing and writing job descriptions,Yes,Learn how to interview job applicants effectively,No,Learn about strategies for recruiting workers,Yes,Have background checks conducted on job applicants,No,Have job applicants` skills tested,Yes,Use on-site facilities for recruiting and interviewing job applicants,Yes,Get job applicants pre-screened,No
NE,Center_Name,Nebraska City Workforce Development,Website,https://dol.nebraska.gov/ReemploymentServices,Google_Maps_Link,"https://www.google.com/maps/dir//917+Wildwood+Lane,Nebraska+City,NE+68410",Address,"917 Wildwood Lane
Suite J
Nebraska City, NE 68410",Phone,402-873-3384,E-mail Address,ndol.nebraskacitywfd@nebraska.gov,Type of Office,Affiliate One Stops,Office Level,Local,Veterans Employment Representative,Yes,Veterans Representative #1 Phone,402-873-3384 or 402-223-6060,Veterans Rep. #1 E-mail Address,sandra.grigg@nebraska.gov,Business Representative Name,Corrie Crook,Business Representative Email,corrie.crook@nebraska.gov,Business Representative Phone,402-873-3384,Parking Availability,public parking,Public Transit Access,"taxi, handi-bus, trolly, veteran van",Language  Capability,bilingual staff in office (Spanish),UI Filing Assistance Online Available,Yes,UI Filing Assistance from Staff Available,No,Telephones,Yes,Fax Machines,Yes,On-site Childcare,No,Video Viewing Stations,Yes,Rooms where employers can interview job seekers,Yes,Career Resource Room,Yes,Copy Machine,Yes,Personal Computers,Yes,Internet Access,Yes,Post your resume for employers to see,Yes,Get help in preparing for job interviews,Yes,Learn about strategies for finding a job,Yes,Find out how to get a work permit,Yes,"Find out about job openings (including work experience, internships and community service)",Yes,Get help preparing your resume,Yes,Improve your current job skills,Yes,Learn about the world of business,Yes,Learn new job skills,Yes,Improve your English skills (ESL),Yes,"Improve your reading, writing and math skills",Yes,Get information about schools and training programs,Yes,Prepare for a high school equivalency (HSE) exam,Yes,Learn about financial aid for training,Yes,Get help finding child care,Yes,Get help with living expenses while in training,Yes,Get information about employers in your local area,Yes,Assess your reading and math skills,Yes,Learn about jobs and careers suitable for you,Yes,Learn about what employers expect of their workers,Yes,Assess your career interests and skills,Yes,Learn about jobs in demand and rates of pay,Yes,Find out about summer learning opportunities,Yes,Get help in finding a summer job,Yes,Get outplacement services for employees you are laying off,Yes,"Get information on employment, wage and salary trends",Yes,Receive information on the Work Opportunity Tax Credit and other hiring incentives,Yes,Learn about legal requirements for hiring and firing workers,Yes,Learn about EEO and ADA requirements,Yes,Get your employee training needs analyzed,Yes,Learn about Unemployment Insurance taxes and eligibility rules,Yes,Get training costs reimbursed for qualified job candidates,Yes,Develop programs to train new workers for your business,Yes,Get help in analyzing and writing job descriptions,Yes,Learn how to interview job applicants effectively,Yes,Learn about strategies for recruiting workers,Yes,Have job applicants` skills tested,Yes,Get job applicants pre-screened,Yes,Get access to resumes posted by job applicants,Yes,Post your job openings,Yes,Have background checks conducted on job applicants,No,Use on-site facilities for recruiting and interviewing job applicants,Yes
NE,Center_Name,Nebraska Department of Labor - Norfolk,Website,https://dol.nebraska.gov/ReemploymentServices,Google_Maps_Link,"https://www.google.com/maps/dir//105+East+Norfolk+Avenue,Norfolk,NE+68701",Address,"105 East Norfolk Avenue
Suite 120
Norfolk, NE 68701",Phone,402-370-3430,E-mail Address,becky.maggart@nebraska.gov,Type of Office,Comprehensive One-Stop Career Centers,Office Level,Local,Veterans Employment Representative,Yes,Veterans Representative #1 Phone,402-370-4429,Veterans Rep. #1 E-mail Address,mike.nordyke@nebraska.gov,Business Representative Name,vacant,Business Representative Phone,402-370-3430,Parking Availability,yes,Public Transit Access,no,Language  Capability,English,UI Filing Assistance Online Available,Yes,UI Filing Assistance from Staff Available,No,Career Resource Room,Yes,Telephones,Yes,Fax Machines,Yes,Copy Machine,Yes,On-site Childcare,Yes,Internet Access,Yes,Video Viewing Stations,Yes,Rooms where employers can interview job seekers,Yes,Personal Computers,Yes,Find out how to get a work permit,Yes,Learn about strategies for finding a job,Yes,Get help in preparing for job interviews,Yes,Get help preparing your resume,Yes,"Find out about job openings (including work experience, internships and community service)",Yes,Post your resume for employers to see,Yes,Learn new job skills,Yes,Prepare for a high school equivalency (HSE) exam,Yes,"Improve your reading, writing and math skills",Yes,Improve your English skills (ESL),Yes,Learn about the world of business,Yes,Improve your current job skills,Yes,Get information about schools and training programs,Yes,Get help finding child care,Yes,Get help with living expenses while in training,Yes,Learn about financial aid for training,Yes,Get information about employers in your local area,Yes,Learn about what employers expect of their workers,Yes,Assess your career interests,Yes,Learn about jobs and careers suitable for you,Yes,Learn about jobs in demand and rates of pay,Yes,Assess your reading and math skills,Yes,Get help in finding a summer job,Yes,Find out about summer learning opportunities,Yes,Learn about EEO and ADA requirements,Yes,"Get information on employment, wage and salary trends",Yes,Receive information on the Work Opportunity Tax Credit and other hiring incentives,Yes,Get your employee training needs analyzed,Yes,Get outplacement services for employees you are laying off,Yes,Learn about legal requirements for hiring and firing workers,Yes,Learn about Unemployment Insurance taxes and eligibility rules,Yes,Post your job openings,Yes,Get access to resumes posted by job applicants,Yes,Get training costs reimbursed for qualified job candidates,Yes,Develop programs to train new workers for your business,Yes,Get help in analyzing and writing job descriptions,Yes,Learn how to interview job applicants effectively,Yes,Learn about strategies for recruiting workers,Yes,Have background checks conducted on job applicants,Yes,Have job applicants` skills tested,Yes,Use on-site facilities for recruiting and interviewing job applicants,Yes,Get job applicants pre-screened,Yes
NE,Center_Name,North Platte Career Center,Website,https://dol.nebraska.gov/ReemploymentServices,Google_Maps_Link,"https://www.google.com/maps/dir//600+E.+Francis,North+Platte,NE+69101",Address,"600 E. Francis
Suite 9
North Platte, NE 69101",Phone,308-535-8320,E-mail Address,ndol.northplatte@wfd.nebraska.gov,Type of Office,Comprehensive One-Stop Career Centers,Office Level,Local,Veterans Employment Representative,Yes,Veterans Representative #1 Phone,308-535-8320,Veterans Rep. #1 E-mail Address,Thomas.gann@nebraska.gov,Business Representative Name,Thomas Gann,Business Representative Email,Thomas.gann@nebraska.gov,Business Representative Phone,308-535-8320,Parking Availability,yes,Public Transit Access,yes,Language  Capability,Spanish,UI Filing Assistance Online Available,Yes,UI Filing Assistance from Staff Available,No,Career Resource Room,Yes,Telephones,Yes,Fax Machines,Yes,Copy Machine,Yes,On-site Childcare,No,Internet Access,Yes,Video Viewing Stations,Yes,Rooms where employers can interview job seekers,Yes,Personal Computers,Yes,Find out how to get a work permit,Yes,Learn about strategies for finding a job,Yes,Get help in preparing for job interviews,Yes,Get help preparing your resume,Yes,"Find out about job openings (including work experience, internships and community service)",Yes,Post your resume for employers to see,Yes,Learn new job skills,Yes,Prepare for a high school equivalency (HSE) exam,Yes,"Improve your reading, writing and math skills",Yes,Improve your English skills (ESL),No,Learn about the world of business,Yes,Improve your current job skills,Yes,Get information about schools and training programs,Yes,Get help finding child care,Yes,Get help with living expenses while in training,Yes,Learn about financial aid for training,Yes,Get information about employers in your local area,Yes,Learn about what employers expect of their workers,Yes,Assess your career interests,Yes,Learn about jobs and careers suitable for you,Yes,Learn about jobs in demand and rates of pay,Yes,Assess your reading and math skills,Yes,Get help in finding a summer job,Yes,Find out about summer learning opportunities,Yes,Learn about EEO and ADA requirements,Yes,"Get information on employment, wage and salary trends",Yes,Receive information on the Work Opportunity Tax Credit and other hiring incentives,Yes,Get your employee training needs analyzed,Yes,Get outplacement services for employees you are laying off,Yes,Learn about legal requirements for hiring and firing workers,Yes,Learn about Unemployment Insurance taxes and eligibility rules,Yes,Post your job openings,Yes,Get access to resumes posted by job applicants,Yes,Get training costs reimbursed for qualified job candidates,Yes,Develop programs to train new workers for your business,Yes,Get help in analyzing and writing job descriptions,Yes,Learn how to interview job applicants effectively,Yes,Learn about strategies for recruiting workers,Yes,Have background checks conducted on job applicants,No,Have job applicants` skills tested,Yes,Use on-site facilities for recruiting and interviewing job applicants,Yes,Get job applicants pre-screened,Yes
NE,Center_Name,Heartland Workforce Solutions,Website,https://hws-ne.org/career-seekers/,Google_Maps_Link,"https://www.google.com/maps/dir//5752+Ames+Avenue,Omaha,NE+68104",Address,"5752 Ames Avenue
Omaha, NE 68104",Phone,402-444-4700,E-mail Address,admin@hws-ne.org,Type of Office,Comprehensive One-Stop Career Centers,Office Level,Local,Veterans Employment Representative,Yes,Veterans Representative #1 Phone,402-934-2392,Veterans Rep. #1 E-mail Address,lexann.roach@nebraska.gov,Veterans Representative #2 Phone,402-934-2631,Veterans Rep. #2 E-mail Address,nina.rogers@nebraska.gov,Business Representative Name,Vickie Gregorio,Business Representative Email,vgregorio@nationalable.org,Business Representative Phone,402-934-2781,Parking Availability,na,Public Transit Access,na,UI Filing Assistance Online Available,Yes,UI Filing Assistance from Staff Available,Yes,Career Resource Room,Yes,Telephones,Yes,Fax Machines,Yes,Copy Machine,Yes,On-site Childcare,No,Internet Access,Yes,Video Viewing Stations,Yes,Rooms where employers can interview job seekers,Yes,Personal Computers,Yes,Find out how to get a work permit,Yes,Learn about strategies for finding a job,Yes,Get help in preparing for job interviews,Yes,Get help preparing your resume,Yes,"Find out about job openings (including work experience, internships and community service)",Yes,Post your resume for employers to see,No,Learn new job skills,Yes,Prepare for a high school equivalency (HSE) exam,Yes,"Improve your reading, writing and math skills",Yes,Improve your English skills (ESL),Yes,Learn about the world of business,No,Improve your current job skills,Yes,Get information about schools and training programs,Yes,Get help finding child care,Yes,Get help with living expenses while in training,Yes,Learn about financial aid for training,Yes,Get information about employers in your local area,Yes,Learn about what employers expect of their workers,Yes,Assess your career interests,Yes,Learn about jobs and careers suitable for you,Yes,Learn about jobs in demand and rates of pay,Yes,Assess your reading and math skills,Yes,Get help in finding a summer job,Yes,Find out about summer learning opportunities,Yes,Learn about EEO and ADA requirements,No,"Get information on employment, wage and salary trends",Yes,Receive information on the Work Opportunity Tax Credit and other hiring incentives,No,Get your employee training needs analyzed,No,Get outplacement services for employees you are laying off,Yes,Learn about legal requirements for hiring and firing workers,No,Learn about Unemployment Insurance taxes and eligibility rules,Yes,Post your job openings,Yes,Get access to resumes posted by job applicants,Yes,Get training costs reimbursed for qualified job candidates,Yes,Develop programs to train new workers for your business,Yes,Get help in analyzing and writing job descriptions,Yes,Learn how to interview job applicants effectively,Yes,Learn about strategies for recruiting workers,Yes,Have background checks conducted on job applicants,Yes,Have job applicants` skills tested,Yes,Use on-site facilities for recruiting and interviewing job applicants,Yes,Get job applicants pre-screened,Yes
NE,Center_Name,,Website,https://panhandlepartnership.com/business/ne-department-labor-scottsbluff-office/,Google_Maps_Link,,Address,"505 A Broadway Avenue
Suite 300
Scottsbluff, NE 69361-2708",Phone,308-632-1420,E-mail Address,NDOL.ScottsbluffWFD@nebraska.gov,Type of Office,Affiliate One Stops,Office Level,Local,Veterans Employment Representative,Yes,Veterans Representative #1 Phone,308-632-1423,Veterans Rep. #1 E-mail Address,alan.trook@nebraska.gov,Business Representative Name,Lori Marquez,Business Representative Email,lori.marquez@nebraska.gov,Business Representative Phone,308-633-1056,Parking Availability,yes,Public Transit Access,no,Language  Capability,English and Spanish,UI Filing Assistance Online Available,Yes,UI Filing Assistance from Staff Available,No,Telephones,Yes,Fax Machines,Yes,On-site Childcare,No,Video Viewing Stations,Yes,Rooms where employers can interview job seekers,Yes,Career Resource Room,Yes,Copy Machine,Yes,Personal Computers,Yes,Internet Access,Yes,Post your resume for employers to see,Yes,Get help in preparing for job interviews,Yes,Learn about strategies for finding a job,Yes,Find out how to get a work permit,Yes,"Find out about job openings (including work experience, internships and community service)",Yes,Get help preparing your resume,Yes,Improve your current job skills,Yes,Learn about the world of business,Yes,Learn new job skills,Yes,Improve your English skills (ESL),Yes,"Improve your reading, writing and math skills",Yes,Get information about schools and training programs,Yes,Prepare for a high school equivalency (HSE) exam,Yes,Learn about financial aid for training,Yes,Get help finding child care,Yes,Get help with living expenses while in training,Yes,Get information about employers in your local area,Yes,Assess your reading and math skills,Yes,Learn about jobs and careers suitable for you,Yes,Learn about what employers expect of their workers,Yes,Assess your career interests and skills,Yes,Learn about jobs in demand and rates of pay,Yes,Find out about summer learning opportunities,Yes,Get help in finding a summer job,Yes,Get outplacement services for employees you are laying off,Yes,"Get information on employment, wage and salary trends",Yes,Receive information on the Work Opportunity Tax Credit and other hiring incentives,Yes,Learn about legal requirements for hiring and firing workers,Yes,Learn about EEO and ADA requirements,Yes,Get your employee training needs analyzed,Yes,Learn about Unemployment Insurance taxes and eligibility rules,Yes,Get training costs reimbursed for qualified job candidates,Yes,Develop programs to train new workers for your business,Yes,Get help in analyzing and writing job descriptions,No,Learn how to interview job applicants effectively,No,Learn about strategies for recruiting workers,No,Have job applicants` skills tested,Yes,Get job applicants pre-screened,Yes,Get access to resumes posted by job applicants,Yes,Post your job openings,Yes,Have background checks conducted on job applicants,No,Use on-site facilities for recruiting and interviewing job applicants,Yes
NE,Center_Name,Nebraska Department of Labor - Sidney,Website,https://dol.nebraska.gov/ReemploymentServices,Google_Maps_Link,"https://www.google.com/maps/dir//2246+Jackson+Street,Sidney,NE+69162",Address,"2246 Jackson Street
Sidney, NE 69162",Phone,308-254-4429,E-mail Address,NDOL.SidneyWFD@nebraska.gov,Type of Office,Comprehensive One-Stop Career Centers,Office Level,State,Veterans Employment Representative,Yes,Veterans Representative #1 Phone,Alan.Trook@nebraska.gov,Veterans Rep. #1 E-mail Address,308-632-1423<br>,Business Representative Name,Jackie Tremain,Business Representative Email,jackie.tremain@nebraska.gov,Business Representative Phone,308-254-4026,Parking Availability,,Public Transit Access,,UI Filing Assistance Online Available,Yes,UI Filing Assistance from Staff Available,Yes,Career Resource Room,Yes,Telephones,No,Fax Machines,Yes,Copy Machine,Yes,On-site Childcare,No,Internet Access,Yes,Video Viewing Stations,No,Rooms where employers can interview job seekers,Yes,Personal Computers,Yes,Find out how to get a work permit,No,Learn about strategies for finding a job,Yes,Get help in preparing for job interviews,Yes,Get help preparing your resume,Yes,"Find out about job openings (including work experience, internships and community service)",Yes,Post your resume for employers to see,Yes,Learn new job skills,Yes,Prepare for a high school equivalency (HSE) exam,Yes,"Improve your reading, writing and math skills",No,Improve your English skills (ESL),No,Learn about the world of business,No,Improve your current job skills,Yes,Get information about schools and training programs,Yes,Get help finding child care,No,Get help with living expenses while in training,No,Learn about financial aid for training,Yes,Get information about employers in your local area,Yes,Learn about what employers expect of their workers,No,Assess your career interests,Yes,Learn about jobs and careers suitable for you,Yes,Learn about jobs in demand and rates of pay,Yes,Assess your reading and math skills,Yes,Get help in finding a summer job,Yes,Find out about summer learning opportunities,No,Learn about EEO and ADA requirements,No,"Get information on employment, wage and salary trends",Yes,Receive information on the Work Opportunity Tax Credit and other hiring incentives,No,Get your employee training needs analyzed,No,Get outplacement services for employees you are laying off,Yes,Learn about legal requirements for hiring and firing workers,No,Learn about Unemployment Insurance taxes and eligibility rules,No,Post your job openings,Yes,Get access to resumes posted by job applicants,Yes,Get training costs reimbursed for qualified job candidates,Yes,Develop programs to train new workers for your business,No,Get help in analyzing and writing job descriptions,Yes,Learn how to interview job applicants effectively,No,Learn about strategies for recruiting workers,Yes,Have background checks conducted on job applicants,No,Have job applicants` skills tested,Yes,Use on-site facilities for recruiting and interviewing job applicants,Yes,Get job applicants pre-screened,Yes
