MD,Center_Name,Baltimore County Workforce Development Center at Eastpoint,Website,https://www.baltimorecountymd.gov/departments/economicdev/job-seekers/index.html,Google_Maps_Link,"https://www.google.com/maps/dir//7930+Eastern+Boulevard,Baltimore,MD+21224",Address,"7930 Eastern Boulevard
Baltimore, MD 21224",Phone,410-288-9050,E-mail Address,eastpt@dllr.state.md.us,Type of Office,Comprehensive One-Stop Career Centers,Office Level,Local,Veterans Employment Representative,Yes,Veterans Representative #2 Phone,"410-288-9050, ext. 411",Veterans Rep. #2 E-mail Address,howard.mitchell@maryland.gov,Business Representative Name,Angela Harkness,Business Representative Email,angela.harkness@maryland.gov,Business Representative Phone,410-288-9050 Ext. 320,Parking Availability,,Public Transit Access,MTA,UI Filing Assistance Online Available,No,UI Filing Assistance from Staff Available,No,Career Resource Room,Yes,Telephones,Yes,Fax Machines,Yes,Copy Machine,Yes,On-site Childcare,No,Internet Access,Yes,Video Viewing Stations,Yes,Rooms where employers can interview job seekers,Yes,Personal Computers,Yes,Find out how to get a work permit,Yes,Learn about strategies for finding a job,Yes,Get help in preparing for job interviews,Yes,Get help preparing your resume,Yes,"Find out about job openings (including work experience, internships and community service)",Yes,Post your resume for employers to see,Yes,Learn new job skills,Yes,Prepare for a high school equivalency (HSE) exam,Yes,"Improve your reading, writing and math skills",Yes,Improve your English skills (ESL),Yes,Learn about the world of business,No,Improve your current job skills,Yes,Get information about schools and training programs,Yes,Get help finding child care,Yes,Get help with living expenses while in training,Yes,Learn about financial aid for training,No,Get information about employers in your local area,Yes,Learn about what employers expect of their workers,Yes,Assess your career interests,Yes,Learn about jobs and careers suitable for you,Yes,Learn about jobs in demand and rates of pay,Yes,Assess your reading and math skills,Yes,Get help in finding a summer job,Yes,Find out about summer learning opportunities,Yes,Learn about EEO and ADA requirements,Yes,"Get information on employment, wage and salary trends",Yes,Receive information on the Work Opportunity Tax Credit and other hiring incentives,Yes,Get your employee training needs analyzed,Yes,Get outplacement services for employees you are laying off,Yes,Learn about legal requirements for hiring and firing workers,No,Learn about Unemployment Insurance taxes and eligibility rules,Yes,Post your job openings,Yes,Get access to resumes posted by job applicants,Yes,Get training costs reimbursed for qualified job candidates,Yes,Develop programs to train new workers for your business,Yes,Get help in analyzing and writing job descriptions,Yes,Learn how to interview job applicants effectively,No,Learn about strategies for recruiting workers,Yes,Have background checks conducted on job applicants,No,Have job applicants` skills tested,Yes,Use on-site facilities for recruiting and interviewing job applicants,Yes,Get job applicants pre-screened,Yes
MD,Center_Name,Eastside One-Stop Career Center,Website,https://moed.baltimorecity.gov/job-seekers/career-center-network,Google_Maps_Link,"https://www.google.com/maps/dir//3001+East+Madison+Street,Baltimore,MD+21205",Address,"3001 East Madison Street
Baltimore, MD 21205",Phone,410-396-9030,E-mail Address,clewis@oedworks.com,Type of Office,Comprehensive One-Stop Career Centers,Office Level,Local,Veterans Employment Representative,Yes,Veterans Representative #1 Phone,410-396-9030,Veterans Rep. #1 E-mail Address,Eric.Marshall@maryland.gov,Business Representative Name,Diedre Moore-Durant and Catonya Lester,Business Representative Email,dmoore-durant@oedworks.com and clester@oedworks.com,Business Representative Phone,410-396-9030,Parking Availability,none,Public Transit Access,MTA,UI Filing Assistance Online Available,Yes,UI Filing Assistance from Staff Available,Yes,Career Resource Room,No,Telephones,No,Fax Machines,No,Copy Machine,No,On-site Childcare,No,Internet Access,No,Video Viewing Stations,No,Rooms where employers can interview job seekers,No,Personal Computers,No,Find out how to get a work permit,No,Learn about strategies for finding a job,No,Get help in preparing for job interviews,No,Get help preparing your resume,No,"Find out about job openings (including work experience, internships and community service)",No,Post your resume for employers to see,No,Learn new job skills,Yes,Prepare for a high school equivalency (HSE) exam,No,"Improve your reading, writing and math skills",No,Improve your English skills (ESL),No,Learn about the world of business,No,Improve your current job skills,Yes,Get information about schools and training programs,No,Get help finding child care,No,Get help with living expenses while in training,No,Learn about financial aid for training,No,Get information about employers in your local area,No,Learn about what employers expect of their workers,No,Assess your career interests,No,Learn about jobs and careers suitable for you,No,Learn about jobs in demand and rates of pay,No,Assess your reading and math skills,No,Get help in finding a summer job,No,Find out about summer learning opportunities,No,Learn about EEO and ADA requirements,No,"Get information on employment, wage and salary trends",No,Receive information on the Work Opportunity Tax Credit and other hiring incentives,No,Get your employee training needs analyzed,No,Get outplacement services for employees you are laying off,No,Learn about legal requirements for hiring and firing workers,No,Learn about Unemployment Insurance taxes and eligibility rules,No,Post your job openings,Yes,Get access to resumes posted by job applicants,Yes,Get training costs reimbursed for qualified job candidates,Yes,Develop programs to train new workers for your business,Yes,Get help in analyzing and writing job descriptions,Yes,Learn how to interview job applicants effectively,Yes,Learn about strategies for recruiting workers,No,Have background checks conducted on job applicants,No,Have job applicants` skills tested,Yes,Use on-site facilities for recruiting and interviewing job applicants,Yes,Get job applicants pre-screened,Yes
MD,Center_Name,Northwest One-Stop Career Center - Re-entry Center,Website,https://moed.baltimorecity.gov/job-seekers,Google_Maps_Link,"https://www.google.com/maps/dir//2401+Liberty+Heights+Avenue,Baltimore,MD+21215",Address,"2401 Liberty Heights Avenue
Suite 302 (Mondawmin Mall)
Baltimore, MD 21215",Phone,410-396-7873,Type of Office,Comprehensive One-Stop Career Centers,Office Level,Local,Veterans Employment Representative,Yes,Veterans Representative #1 Phone,410-396-7873,Veterans Rep. #1 E-mail Address,James.Tharpe@maryland.gov,Business Representative Name,Shari Mitchell,Business Representative Email,smitchell@oedworkscom,Business Representative Phone,410-396-7873,Parking Availability,Free,Public Transit Access,MTA,UI Filing Assistance Online Available,Yes,UI Filing Assistance from Staff Available,Yes,Career Resource Room,No,Telephones,Yes,Fax Machines,Yes,Copy Machine,Yes,On-site Childcare,No,Internet Access,Yes,Video Viewing Stations,No,Rooms where employers can interview job seekers,No,Personal Computers,Yes,Find out how to get a work permit,Yes,Learn about strategies for finding a job,No,Get help in preparing for job interviews,Yes,Get help preparing your resume,No,"Find out about job openings (including work experience, internships and community service)",Yes,Post your resume for employers to see,No,Learn new job skills,Yes,Prepare for a high school equivalency (HSE) exam,Yes,"Improve your reading, writing and math skills",Yes,Improve your English skills (ESL),Yes,Learn about the world of business,No,Improve your current job skills,Yes,Get information about schools and training programs,Yes,Get help finding child care,No,Get help with living expenses while in training,No,Learn about financial aid for training,No,Get information about employers in your local area,Yes,Learn about what employers expect of their workers,Yes,Assess your career interests,Yes,Learn about jobs and careers suitable for you,Yes,Learn about jobs in demand and rates of pay,Yes,Assess your reading and math skills,Yes,Get help in finding a summer job,Yes,Find out about summer learning opportunities,Yes,Learn about EEO and ADA requirements,No,"Get information on employment, wage and salary trends",No,Receive information on the Work Opportunity Tax Credit and other hiring incentives,No,Get your employee training needs analyzed,No,Get outplacement services for employees you are laying off,No,Learn about legal requirements for hiring and firing workers,No,Learn about Unemployment Insurance taxes and eligibility rules,No,Post your job openings,Yes,Get access to resumes posted by job applicants,No,Get training costs reimbursed for qualified job candidates,No,Develop programs to train new workers for your business,No,Get help in analyzing and writing job descriptions,No,Learn how to interview job applicants effectively,No,Learn about strategies for recruiting workers,No,Have background checks conducted on job applicants,No,Have job applicants` skills tested,No,Use on-site facilities for recruiting and interviewing job applicants,No,Get job applicants pre-screened,Yes
MD,Center_Name,Susquehanna Workforce Center - Bel Air,Website,https://www.swnetwork.org/jobseeker/,Google_Maps_Link,"https://www.google.com/maps/dir//2+South+Bond+Street,Bel+Air,MD+21014",Address,"2 South Bond Street
Mary Risteau Building Suite 204
Bel Air, MD 21014",Phone,410-836-4603,Type of Office,Comprehensive One-Stop Career Centers,Office Level,Local,Veterans Employment Representative,Yes,Veterans Representative #1 Phone,410-887-0377,Veterans Rep. #1 E-mail Address,roslyn.jones@maryland.gov,Veterans Representative #2 Phone,410-836-4630,Veterans Rep. #2 E-mail Address,gregory.ingram@maryland.gov,Business Representative Name,Lizette Rodriguez,Business Representative Email,liz.rodriguez@maryland.gov,Business Representative Phone,410-836-4626,Parking Availability,metered,Public Transit Access,limited,UI Filing Assistance Online Available,Yes,UI Filing Assistance from Staff Available,No,Career Resource Room,Yes,Telephones,Yes,Fax Machines,Yes,Copy Machine,Yes,On-site Childcare,No,Internet Access,Yes,Video Viewing Stations,No,Rooms where employers can interview job seekers,Yes,Personal Computers,Yes,Find out how to get a work permit,Yes,Learn about strategies for finding a job,Yes,Get help in preparing for job interviews,Yes,Get help preparing your resume,Yes,"Find out about job openings (including work experience, internships and community service)",Yes,Post your resume for employers to see,Yes,Learn new job skills,Yes,Prepare for a high school equivalency (HSE) exam,Yes,"Improve your reading, writing and math skills",Yes,Improve your English skills (ESL),Yes,Learn about the world of business,Yes,Improve your current job skills,Yes,Get information about schools and training programs,Yes,Get help finding child care,Yes,Get help with living expenses while in training,Yes,Learn about financial aid for training,No,Get information about employers in your local area,Yes,Learn about what employers expect of their workers,Yes,Assess your career interests,Yes,Learn about jobs and careers suitable for you,Yes,Learn about jobs in demand and rates of pay,Yes,Assess your reading and math skills,Yes,Get help in finding a summer job,Yes,Find out about summer learning opportunities,Yes,Learn about EEO and ADA requirements,No,"Get information on employment, wage and salary trends",Yes,Receive information on the Work Opportunity Tax Credit and other hiring incentives,Yes,Get your employee training needs analyzed,No,Get outplacement services for employees you are laying off,No,Learn about legal requirements for hiring and firing workers,Yes,Learn about Unemployment Insurance taxes and eligibility rules,Yes,Post your job openings,Yes,Get access to resumes posted by job applicants,Yes,Get training costs reimbursed for qualified job candidates,No,Develop programs to train new workers for your business,No,Get help in analyzing and writing job descriptions,Yes,Learn how to interview job applicants effectively,No,Learn about strategies for recruiting workers,No,Have background checks conducted on job applicants,No,Have job applicants` skills tested,No,Use on-site facilities for recruiting and interviewing job applicants,Yes,Get job applicants pre-screened,Yes
MD,Center_Name,Business Solutions Center At BWI Marshall,Website,http://www.aawdc.org/content/building-your-career-success,Google_Maps_Link,,Address,"BWI Workforce and Commuter Resource Center
Lower level baggage claim, across from door #8
BWI Airport, MD 21240",Phone,410-684-6838,Type of Office,Affiliate One Stops,Office Level,Local,Veterans Employment Representative,No,Parking Availability,,Public Transit Access,,UI Filing Assistance Online Available,No,UI Filing Assistance from Staff Available,No,Telephones,Yes,Fax Machines,No,On-site Childcare,No,Video Viewing Stations,No,Rooms where employers can interview job seekers,Yes,Career Resource Room,No,Copy Machine,Yes,Personal Computers,Yes,Internet Access,Yes,Post your resume for employers to see,Yes,Get help in preparing for job interviews,Yes,Learn about strategies for finding a job,No,Find out how to get a work permit,No,"Find out about job openings (including work experience, internships and community service)",Yes,Get help preparing your resume,Yes,Improve your current job skills,Yes,Learn about the world of business,No,Learn new job skills,No,Improve your English skills (ESL),No,"Improve your reading, writing and math skills",No,Get information about schools and training programs,Yes,Prepare for a high school equivalency (HSE) exam,No,Learn about financial aid for training,No,Get help finding child care,No,Get help with living expenses while in training,No,Get information about employers in your local area,Yes,Assess your reading and math skills,No,Learn about jobs and careers suitable for you,Yes,Learn about what employers expect of their workers,No,Assess your career interests and skills,No,Learn about jobs in demand and rates of pay,No,Find out about summer learning opportunities,No,Get help in finding a summer job,No,Get outplacement services for employees you are laying off,No,"Get information on employment, wage and salary trends",No,Receive information on the Work Opportunity Tax Credit and other hiring incentives,No,Learn about legal requirements for hiring and firing workers,No,Learn about EEO and ADA requirements,No,Get your employee training needs analyzed,Yes,Learn about Unemployment Insurance taxes and eligibility rules,No,Get training costs reimbursed for qualified job candidates,No,Develop programs to train new workers for your business,No,Get help in analyzing and writing job descriptions,No,Learn how to interview job applicants effectively,Yes,Learn about strategies for recruiting workers,No,Have job applicants` skills tested,No,Get job applicants pre-screened,No,Get access to resumes posted by job applicants,Yes,Post your job openings,Yes,Have background checks conducted on job applicants,No,Use on-site facilities for recruiting and interviewing job applicants,No
MD,Center_Name,American Job Center - Cambridge,Website,http://www.dllr.state.md.us/county/uppershore/,Google_Maps_Link,,Address,"Cambridge is in the process of relocating
Cambridge, MD 21613",Phone,,E-mail Address,cambridge@maryland.gov,Type of Office,Comprehensive One-Stop Career Centers,Office Level,Local,Veterans Employment Representative,Yes,Veterans Representative #1 Phone,"410-822-3030, Ext. 300",Veterans Rep. #1 E-mail Address,vernon.davis@maryland.gov,Business Representative Name,Vacant,Business Representative Phone,"410-822-3030, Ext. 300",Parking Availability,free,Public Transit Access,yes,UI Filing Assistance Online Available,Yes,UI Filing Assistance from Staff Available,Yes,Career Resource Room,Yes,Telephones,Yes,Fax Machines,Yes,Copy Machine,Yes,On-site Childcare,No,Internet Access,Yes,Video Viewing Stations,No,Rooms where employers can interview job seekers,Yes,Personal Computers,Yes,Find out how to get a work permit,Yes,Learn about strategies for finding a job,No,Get help in preparing for job interviews,No,Get help preparing your resume,No,"Find out about job openings (including work experience, internships and community service)",Yes,Post your resume for employers to see,No,Learn new job skills,Yes,Prepare for a high school equivalency (HSE) exam,Yes,"Improve your reading, writing and math skills",Yes,Improve your English skills (ESL),Yes,Learn about the world of business,Yes,Improve your current job skills,Yes,Get information about schools and training programs,Yes,Get help finding child care,No,Get help with living expenses while in training,No,Learn about financial aid for training,No,Get information about employers in your local area,Yes,Learn about what employers expect of their workers,Yes,Assess your career interests,Yes,Learn about jobs and careers suitable for you,Yes,Learn about jobs in demand and rates of pay,Yes,Assess your reading and math skills,Yes,Get help in finding a summer job,No,Find out about summer learning opportunities,No,Learn about EEO and ADA requirements,Yes,"Get information on employment, wage and salary trends",Yes,Receive information on the Work Opportunity Tax Credit and other hiring incentives,Yes,Get your employee training needs analyzed,Yes,Get outplacement services for employees you are laying off,Yes,Learn about legal requirements for hiring and firing workers,Yes,Learn about Unemployment Insurance taxes and eligibility rules,Yes,Post your job openings,Yes,Get access to resumes posted by job applicants,Yes,Get training costs reimbursed for qualified job candidates,Yes,Develop programs to train new workers for your business,Yes,Get help in analyzing and writing job descriptions,Yes,Learn how to interview job applicants effectively,Yes,Learn about strategies for recruiting workers,Yes,Have background checks conducted on job applicants,Yes,Have job applicants` skills tested,Yes,Use on-site facilities for recruiting and interviewing job applicants,Yes,Get job applicants pre-screened,Yes
MD,Center_Name,American Job Center - Chestertown,Website,http://www.dllr.state.md.us/county/uppershore/,Google_Maps_Link,"https://www.google.com/maps/dir//115A+Lynchburg+Street,Chestertown,MD+21620",Address,"115A Lynchburg Street
Chestertown, MD 21620",Phone,410-778-3525,E-mail Address,Chestertown@dllr.state.md.us,Type of Office,Affiliate One Stops,Office Level,Local,Veterans Employment Representative,Yes,Veterans Rep. #1 E-mail Address,vernon.davis@maryland.gov,Parking Availability,Parking lot - limited parking space,Public Transit Access,,UI Filing Assistance Online Available,Yes,UI Filing Assistance from Staff Available,Yes,Telephones,No,Fax Machines,Yes,On-site Childcare,Yes,Video Viewing Stations,Yes,Rooms where employers can interview job seekers,Yes,Career Resource Room,Yes,Copy Machine,Yes,Personal Computers,Yes,Internet Access,Yes,Post your resume for employers to see,Yes,Get help in preparing for job interviews,Yes,Learn about strategies for finding a job,Yes,Find out how to get a work permit,Yes,"Find out about job openings (including work experience, internships and community service)",Yes,Get help preparing your resume,Yes,Improve your current job skills,Yes,Learn about the world of business,Yes,Learn new job skills,Yes,Improve your English skills (ESL),Yes,"Improve your reading, writing and math skills",Yes,Get information about schools and training programs,Yes,Prepare for a high school equivalency (HSE) exam,Yes,Learn about financial aid for training,Yes,Get help finding child care,Yes,Get help with living expenses while in training,No,Get information about employers in your local area,Yes,Assess your reading and math skills,Yes,Learn about jobs and careers suitable for you,Yes,Learn about what employers expect of their workers,Yes,Assess your career interests and skills,Yes,Learn about jobs in demand and rates of pay,Yes,Find out about summer learning opportunities,Yes,Get help in finding a summer job,Yes,Get outplacement services for employees you are laying off,Yes,"Get information on employment, wage and salary trends",Yes,Receive information on the Work Opportunity Tax Credit and other hiring incentives,Yes,Learn about legal requirements for hiring and firing workers,No,Learn about EEO and ADA requirements,Yes,Get your employee training needs analyzed,Yes,Learn about Unemployment Insurance taxes and eligibility rules,No,Get training costs reimbursed for qualified job candidates,No,Develop programs to train new workers for your business,No,Get help in analyzing and writing job descriptions,Yes,Learn how to interview job applicants effectively,Yes,Learn about strategies for recruiting workers,Yes,Have job applicants` skills tested,Yes,Get job applicants pre-screened,Yes,Get access to resumes posted by job applicants,Yes,Post your job openings,Yes,Have background checks conducted on job applicants,No,Use on-site facilities for recruiting and interviewing job applicants,Yes
MD,Center_Name,Columbia Workforce Center,Website,http://www.dllr.state.md.us/county/howard/,Google_Maps_Link,"https://www.google.com/maps/dir//7161+Columbia+Gateway+Drive,Columbia,MD+21046",Address,"7161 Columbia Gateway Drive
Suite D
Columbia, MD 21046",Phone,410-290-2600,E-mail Address,Columbia@dllr.state.md.us,Type of Office,Comprehensive One-Stop Career Centers,Office Level,Local,Veterans Employment Representative,Yes,Veterans Representative #1 Phone,410-887-0377,Veterans Rep. #1 E-mail Address,roslyn.jones@maryland.gov,Veterans Representative #2 Phone,410-290-2606,Veterans Rep. #2 E-mail Address,orion.jones@maryland.gov,Business Representative Name,Elexis Lawson,Business Representative Email,elawson@howardcountymd.gov,Business Representative Phone,410-290-2609,Parking Availability,Free,Public Transit Access,Limited,UI Filing Assistance Online Available,Yes,UI Filing Assistance from Staff Available,Yes,Career Resource Room,Yes,Telephones,Yes,Fax Machines,Yes,Copy Machine,Yes,On-site Childcare,No,Internet Access,Yes,Video Viewing Stations,Yes,Rooms where employers can interview job seekers,Yes,Personal Computers,Yes,Find out how to get a work permit,Yes,Learn about strategies for finding a job,Yes,Get help in preparing for job interviews,Yes,Get help preparing your resume,Yes,"Find out about job openings (including work experience, internships and community service)",Yes,Post your resume for employers to see,Yes,Learn new job skills,Yes,Prepare for a high school equivalency (HSE) exam,Yes,"Improve your reading, writing and math skills",Yes,Improve your English skills (ESL),Yes,Learn about the world of business,No,Improve your current job skills,Yes,Get information about schools and training programs,Yes,Get help finding child care,No,Get help with living expenses while in training,No,Learn about financial aid for training,No,Get information about employers in your local area,Yes,Learn about what employers expect of their workers,Yes,Assess your career interests,Yes,Learn about jobs and careers suitable for you,Yes,Learn about jobs in demand and rates of pay,Yes,Assess your reading and math skills,No,Get help in finding a summer job,Yes,Find out about summer learning opportunities,Yes,Learn about EEO and ADA requirements,Yes,"Get information on employment, wage and salary trends",Yes,Receive information on the Work Opportunity Tax Credit and other hiring incentives,Yes,Get your employee training needs analyzed,Yes,Get outplacement services for employees you are laying off,Yes,Learn about legal requirements for hiring and firing workers,Yes,Learn about Unemployment Insurance taxes and eligibility rules,No,Post your job openings,Yes,Get access to resumes posted by job applicants,Yes,Get training costs reimbursed for qualified job candidates,No,Develop programs to train new workers for your business,No,Get help in analyzing and writing job descriptions,Yes,Learn how to interview job applicants effectively,Yes,Learn about strategies for recruiting workers,No,Have background checks conducted on job applicants,No,Have job applicants` skills tested,No,Use on-site facilities for recruiting and interviewing job applicants,Yes,Get job applicants pre-screened,Yes
MD,Center_Name,Allegany County American Job Center,Website,https://westernmarylandconsortium.org/for-job-seekers/,Google_Maps_Link,"https://www.google.com/maps/dir//138+Baltimore+Street,Cumberland,MD+21502",Address,"138 Baltimore Street
Suite 102
Cumberland, MD 21502",Phone,301-777-1221,E-mail Address,cumberland@dllr.state.md.us,Type of Office,Comprehensive One-Stop Career Centers,Office Level,Local,Veterans Employment Representative,Yes,Veterans Representative #1 Phone,301-393-8221,Veterans Rep. #1 E-mail Address,james.marchinke@maryland.gov,Business Representative Name,Angella Moon,Business Representative Email,angella.moon@maryland.gov,Business Representative Phone,301-777-1221,Parking Availability,Limited,Public Transit Access,Limited,Language  Capability,Utilize language line,UI Filing Assistance Online Available,Yes,UI Filing Assistance from Staff Available,Yes,Career Resource Room,Yes,Telephones,Yes,Fax Machines,Yes,Copy Machine,Yes,On-site Childcare,No,Internet Access,Yes,Video Viewing Stations,Yes,Rooms where employers can interview job seekers,Yes,Personal Computers,Yes,Find out how to get a work permit,Yes,Learn about strategies for finding a job,Yes,Get help in preparing for job interviews,Yes,Get help preparing your resume,Yes,"Find out about job openings (including work experience, internships and community service)",Yes,Post your resume for employers to see,Yes,Learn new job skills,Yes,Prepare for a high school equivalency (HSE) exam,Yes,"Improve your reading, writing and math skills",Yes,Improve your English skills (ESL),Yes,Learn about the world of business,Yes,Improve your current job skills,Yes,Get information about schools and training programs,Yes,Get help finding child care,No,Get help with living expenses while in training,No,Learn about financial aid for training,Yes,Get information about employers in your local area,Yes,Learn about what employers expect of their workers,Yes,Assess your career interests,Yes,Learn about jobs and careers suitable for you,Yes,Learn about jobs in demand and rates of pay,Yes,Assess your reading and math skills,Yes,Get help in finding a summer job,Yes,Find out about summer learning opportunities,Yes,Learn about EEO and ADA requirements,Yes,"Get information on employment, wage and salary trends",Yes,Receive information on the Work Opportunity Tax Credit and other hiring incentives,Yes,Get your employee training needs analyzed,Yes,Get outplacement services for employees you are laying off,Yes,Learn about legal requirements for hiring and firing workers,Yes,Learn about Unemployment Insurance taxes and eligibility rules,Yes,Post your job openings,Yes,Get access to resumes posted by job applicants,Yes,Get training costs reimbursed for qualified job candidates,Yes,Develop programs to train new workers for your business,Yes,Get help in analyzing and writing job descriptions,Yes,Learn how to interview job applicants effectively,Yes,Learn about strategies for recruiting workers,Yes,Have background checks conducted on job applicants,No,Have job applicants` skills tested,Yes,Use on-site facilities for recruiting and interviewing job applicants,Yes,Get job applicants pre-screened,Yes
MD,Center_Name,,Website,,Google_Maps_Link,"https://www.google.com/maps/dir//300+Market+Street,Denton,MD+21629",Address,"300 Market Street
Suite 201 PO Box 400
Denton, MD 21629",Phone,410-819-4549,E-mail Address,denton@dllr.state.md.us,Type of Office,Affiliate One Stops,Office Level,Local,Veterans Employment Representative,Yes,Veterans Representative #1 Phone,410-819-4594,Veterans Rep. #1 E-mail Address,segerson@dllr.state.md.us,Business Representative Name,David Prossner,Business Representative Email,david.prossner@maryland.gov,Business Representative Phone,410-819-4495,Parking Availability,Free,Public Transit Access,,UI Filing Assistance Online Available,Yes,UI Filing Assistance from Staff Available,Yes,Telephones,Yes,Fax Machines,Yes,On-site Childcare,No,Video Viewing Stations,No,Rooms where employers can interview job seekers,No,Career Resource Room,Yes,Copy Machine,Yes,Personal Computers,Yes,Internet Access,Yes,Post your resume for employers to see,No,Get help in preparing for job interviews,No,Learn about strategies for finding a job,No,Find out how to get a work permit,No,"Find out about job openings (including work experience, internships and community service)",No,Get help preparing your resume,No,Improve your current job skills,No,Learn about the world of business,No,Learn new job skills,No,Improve your English skills (ESL),No,"Improve your reading, writing and math skills",No,Get information about schools and training programs,No,Prepare for a high school equivalency (HSE) exam,No,Learn about financial aid for training,No,Get help finding child care,No,Get help with living expenses while in training,No,Get information about employers in your local area,No,Assess your reading and math skills,No,Learn about jobs and careers suitable for you,No,Learn about what employers expect of their workers,No,Assess your career interests and skills,No,Learn about jobs in demand and rates of pay,No,Find out about summer learning opportunities,No,Get help in finding a summer job,No,Get outplacement services for employees you are laying off,No,"Get information on employment, wage and salary trends",No,Receive information on the Work Opportunity Tax Credit and other hiring incentives,No,Learn about legal requirements for hiring and firing workers,No,Learn about EEO and ADA requirements,No,Get your employee training needs analyzed,No,Learn about Unemployment Insurance taxes and eligibility rules,No,Get training costs reimbursed for qualified job candidates,No,Develop programs to train new workers for your business,No,Get help in analyzing and writing job descriptions,No,Learn how to interview job applicants effectively,No,Learn about strategies for recruiting workers,No,Have job applicants` skills tested,No,Get job applicants pre-screened,Yes,Get access to resumes posted by job applicants,Yes,Post your job openings,Yes,Have background checks conducted on job applicants,No,Use on-site facilities for recruiting and interviewing job applicants,No
MD,Center_Name,American Job Career - Easton,Website,http://www.dllr.state.md.us/county/uppershore/,Google_Maps_Link,"https://www.google.com/maps/dir//301+Bay+Street,Easton,MD+21601",Address,"301 Bay Street
Suite 301
Easton, MD 21601",Phone,410-822-3030,E-mail Address,easton@dllr.state.md.us,Type of Office,Comprehensive One-Stop Career Centers,Office Level,Local,Veterans Employment Representative,Yes,Veterans Representative #1 Phone,410-822-3030,Veterans Rep. #1 E-mail Address,ira.nichols@maryland.gov,Veterans Representative #2 Phone,"410-822-3030, Ext. 344",Veterans Rep. #2 E-mail Address,sharon.egerson@maryland.gov,Business Representative Name,"Thomas Rider, Supervisor",Business Representative Email,thomas.rider@maryland.gov,Business Representative Phone,"410-822-3030, Ext. 308",Parking Availability,Parking lot - limited parking space,Public Transit Access,,UI Filing Assistance Online Available,Yes,UI Filing Assistance from Staff Available,No,Career Resource Room,Yes,Telephones,Yes,Fax Machines,Yes,Copy Machine,Yes,On-site Childcare,No,Internet Access,Yes,Video Viewing Stations,Yes,Rooms where employers can interview job seekers,Yes,Personal Computers,Yes,Find out how to get a work permit,Yes,Learn about strategies for finding a job,Yes,Get help in preparing for job interviews,Yes,Get help preparing your resume,Yes,"Find out about job openings (including work experience, internships and community service)",Yes,Post your resume for employers to see,Yes,Learn new job skills,Yes,Prepare for a high school equivalency (HSE) exam,No,"Improve your reading, writing and math skills",No,Improve your English skills (ESL),No,Learn about the world of business,Yes,Improve your current job skills,Yes,Get information about schools and training programs,Yes,Get help finding child care,Yes,Get help with living expenses while in training,No,Learn about financial aid for training,Yes,Get information about employers in your local area,Yes,Learn about what employers expect of their workers,Yes,Assess your career interests,Yes,Learn about jobs and careers suitable for you,Yes,Learn about jobs in demand and rates of pay,Yes,Assess your reading and math skills,Yes,Get help in finding a summer job,Yes,Find out about summer learning opportunities,Yes,Learn about EEO and ADA requirements,Yes,"Get information on employment, wage and salary trends",Yes,Receive information on the Work Opportunity Tax Credit and other hiring incentives,Yes,Get your employee training needs analyzed,Yes,Get outplacement services for employees you are laying off,Yes,Learn about legal requirements for hiring and firing workers,No,Learn about Unemployment Insurance taxes and eligibility rules,No,Post your job openings,Yes,Get access to resumes posted by job applicants,Yes,Get training costs reimbursed for qualified job candidates,No,Develop programs to train new workers for your business,Yes,Get help in analyzing and writing job descriptions,Yes,Learn how to interview job applicants effectively,Yes,Learn about strategies for recruiting workers,Yes,Have background checks conducted on job applicants,No,Have job applicants` skills tested,Yes,Use on-site facilities for recruiting and interviewing job applicants,Yes,Get job applicants pre-screened,Yes
MD,Center_Name,Susquehanna Workforce Center - Elkton,Website,https://www.swnetwork.org/jobseeker/,Google_Maps_Link,"https://www.google.com/maps/dir//1275+West+Pulaski+Highway,Elkton,MD+21921",Address,"1275 West Pulaski Highway
Elkton, MD 21921",Phone,410-996-0550,E-mail Address,dlwdalelktonjsoffice-LABOR@maryland.gov,Type of Office,Comprehensive One-Stop Career Centers,Office Level,Local,Veterans Employment Representative,Yes,Veterans Representative #2 Phone,410-996-0550,Veterans Rep. #2 E-mail Address,scottc.stevens@maryland.gov,Parking Availability,limited,Public Transit Access,limited,UI Filing Assistance Online Available,Yes,UI Filing Assistance from Staff Available,Yes,Career Resource Room,Yes,Telephones,Yes,Fax Machines,Yes,Copy Machine,Yes,On-site Childcare,No,Internet Access,Yes,Video Viewing Stations,No,Rooms where employers can interview job seekers,Yes,Personal Computers,Yes,Find out how to get a work permit,No,Learn about strategies for finding a job,Yes,Get help in preparing for job interviews,Yes,Get help preparing your resume,Yes,"Find out about job openings (including work experience, internships and community service)",Yes,Post your resume for employers to see,Yes,Learn new job skills,Yes,Prepare for a high school equivalency (HSE) exam,Yes,"Improve your reading, writing and math skills",Yes,Improve your English skills (ESL),No,Learn about the world of business,Yes,Improve your current job skills,Yes,Get information about schools and training programs,Yes,Get help finding child care,No,Get help with living expenses while in training,No,Learn about financial aid for training,No,Get information about employers in your local area,Yes,Learn about what employers expect of their workers,Yes,Assess your career interests,Yes,Learn about jobs and careers suitable for you,Yes,Learn about jobs in demand and rates of pay,Yes,Assess your reading and math skills,Yes,Get help in finding a summer job,Yes,Find out about summer learning opportunities,No,Learn about EEO and ADA requirements,No,"Get information on employment, wage and salary trends",Yes,Receive information on the Work Opportunity Tax Credit and other hiring incentives,Yes,Get your employee training needs analyzed,No,Get outplacement services for employees you are laying off,No,Learn about legal requirements for hiring and firing workers,Yes,Learn about Unemployment Insurance taxes and eligibility rules,Yes,Post your job openings,Yes,Get access to resumes posted by job applicants,Yes,Get training costs reimbursed for qualified job candidates,No,Develop programs to train new workers for your business,No,Get help in analyzing and writing job descriptions,Yes,Learn how to interview job applicants effectively,No,Learn about strategies for recruiting workers,No,Have background checks conducted on job applicants,No,Have job applicants` skills tested,No,Use on-site facilities for recruiting and interviewing job applicants,Yes,Get job applicants pre-screened,Yes
MD,Center_Name,Frederick County American Job Center,Website,https://www.frederickworks.com,Google_Maps_Link,"https://www.google.com/maps/dir//200+Monroe+Ave.,Frederick,MD+21701",Address,"200 Monroe Ave.
Suite 1
Frederick, MD 21701",Phone,,E-mail Address,mday1@frederickcountymd.gov,Type of Office,Comprehensive One-Stop Career Centers,Office Level,Local,Veterans Employment Representative,Yes,Veterans Representative #2 Phone,301-600-2168,Veterans Rep. #2 E-mail Address,kevin.madara@maryland.gov,Business Representative Name,Patty McDonald,Business Representative Email,PMcDonald@frederickcountymd.gov,Business Representative Phone,301-600-2255,Parking Availability,Free,Public Transit Access,BUS Service,UI Filing Assistance Online Available,Yes,UI Filing Assistance from Staff Available,No,Career Resource Room,Yes,Telephones,Yes,Fax Machines,Yes,Copy Machine,Yes,On-site Childcare,No,Internet Access,Yes,Video Viewing Stations,Yes,Rooms where employers can interview job seekers,Yes,Personal Computers,Yes,Find out how to get a work permit,Yes,Learn about strategies for finding a job,Yes,Get help in preparing for job interviews,Yes,Get help preparing your resume,Yes,"Find out about job openings (including work experience, internships and community service)",Yes,Post your resume for employers to see,Yes,Learn new job skills,Yes,Prepare for a high school equivalency (HSE) exam,Yes,"Improve your reading, writing and math skills",Yes,Improve your English skills (ESL),Yes,Learn about the world of business,Yes,Improve your current job skills,Yes,Get information about schools and training programs,Yes,Get help finding child care,Yes,Get help with living expenses while in training,Yes,Learn about financial aid for training,Yes,Get information about employers in your local area,Yes,Learn about what employers expect of their workers,Yes,Assess your career interests,Yes,Learn about jobs and careers suitable for you,Yes,Learn about jobs in demand and rates of pay,Yes,Assess your reading and math skills,Yes,Get help in finding a summer job,Yes,Find out about summer learning opportunities,Yes,Learn about EEO and ADA requirements,Yes,"Get information on employment, wage and salary trends",Yes,Receive information on the Work Opportunity Tax Credit and other hiring incentives,Yes,Get your employee training needs analyzed,Yes,Get outplacement services for employees you are laying off,Yes,Learn about legal requirements for hiring and firing workers,Yes,Learn about Unemployment Insurance taxes and eligibility rules,Yes,Post your job openings,Yes,Get access to resumes posted by job applicants,Yes,Get training costs reimbursed for qualified job candidates,Yes,Develop programs to train new workers for your business,Yes,Get help in analyzing and writing job descriptions,Yes,Learn how to interview job applicants effectively,Yes,Learn about strategies for recruiting workers,Yes,Have background checks conducted on job applicants,No,Have job applicants` skills tested,Yes,Use on-site facilities for recruiting and interviewing job applicants,Yes,Get job applicants pre-screened,Yes
MD,Center_Name,Worksource Germantown - American Job Center,Website,https://worksourcemontgomery.com/career-support/what-we-offer/,Google_Maps_Link,"https://www.google.com/maps/dir//12900+Middlebrook+Road,Germantown,MD+20874",Address,"12900 Middlebrook Road
Germantown, MD 20874",Phone,240-406-5485,Type of Office,Comprehensive One-Stop Career Centers,Office Level,Local,Veterans Employment Representative,Yes,Veterans Representative #1 Phone,240-283-1525,Veterans Rep. #1 E-mail Address,anthony.butlersr@maryland.gov,Business Representative Name,Cynthia Grissom,Business Representative Email,cgrissom@worksourcemontgomery.com,Business Representative Phone,240-641-6736,Parking Availability,Unlimited,Public Transit Access,,Language  Capability,Spanish,UI Filing Assistance Online Available,Yes,UI Filing Assistance from Staff Available,Yes,Career Resource Room,Yes,Telephones,Yes,Fax Machines,Yes,Copy Machine,Yes,On-site Childcare,No,Internet Access,Yes,Video Viewing Stations,No,Rooms where employers can interview job seekers,No,Personal Computers,Yes,Find out how to get a work permit,No,Learn about strategies for finding a job,Yes,Get help in preparing for job interviews,Yes,Get help preparing your resume,Yes,"Find out about job openings (including work experience, internships and community service)",Yes,Post your resume for employers to see,Yes,Learn new job skills,Yes,Prepare for a high school equivalency (HSE) exam,No,"Improve your reading, writing and math skills",No,Improve your English skills (ESL),No,Learn about the world of business,No,Improve your current job skills,Yes,Get information about schools and training programs,Yes,Get help finding child care,No,Get help with living expenses while in training,No,Learn about financial aid for training,No,Get information about employers in your local area,No,Learn about what employers expect of their workers,No,Assess your career interests,No,Learn about jobs and careers suitable for you,No,Learn about jobs in demand and rates of pay,No,Assess your reading and math skills,No,Get help in finding a summer job,No,Find out about summer learning opportunities,No,Learn about EEO and ADA requirements,No,"Get information on employment, wage and salary trends",No,Receive information on the Work Opportunity Tax Credit and other hiring incentives,No,Get your employee training needs analyzed,No,Get outplacement services for employees you are laying off,No,Learn about legal requirements for hiring and firing workers,No,Learn about Unemployment Insurance taxes and eligibility rules,No,Post your job openings,No,Get access to resumes posted by job applicants,No,Get training costs reimbursed for qualified job candidates,No,Develop programs to train new workers for your business,No,Get help in analyzing and writing job descriptions,No,Learn how to interview job applicants effectively,No,Learn about strategies for recruiting workers,No,Have background checks conducted on job applicants,No,Have job applicants` skills tested,No,Use on-site facilities for recruiting and interviewing job applicants,No,Get job applicants pre-screened,No
MD,Center_Name,,Website,,Google_Maps_Link,"https://www.google.com/maps/dir//14+North+Potomac+Street,Hagerstown,MD+21740",Address,"14 North Potomac Street
Suite 100
Hagerstown, MD 21740",Phone,301-393-8200,E-mail Address,DLWDALHagerstown-DLLR@maryland.gov,Type of Office,Comprehensive One-Stop Career Centers,Office Level,Local,Veterans Employment Representative,Yes,Veterans Representative #1 Phone,301-393-8221,Veterans Rep. #1 E-mail Address,teresa.spruill@maryland.gov,Veterans Representative #2 Phone,301-393-8264,Veterans Rep. #2 E-mail Address,james.oberhaus@maryland.gov,Business Representative Name,"Angella Moon, Teresa Spruill,(Veterans), Angie Detrick  (WIOA)",Business Representative Email,Angella.moon@maryland.gov; teresa.spruill@maryland.gov; adetrick@westmdcon.org,Business Representative Phone,301-777-1221; 301-393-8221; 301-971-3164,Parking Availability,Free,Public Transit Access,Limited,Language  Capability,Utilize language line,UI Filing Assistance Online Available,Yes,UI Filing Assistance from Staff Available,Yes,Career Resource Room,Yes,Telephones,Yes,Fax Machines,Yes,Copy Machine,Yes,On-site Childcare,No,Internet Access,Yes,Video Viewing Stations,Yes,Rooms where employers can interview job seekers,Yes,Personal Computers,Yes,Find out how to get a work permit,Yes,Learn about strategies for finding a job,Yes,Get help in preparing for job interviews,Yes,Get help preparing your resume,Yes,"Find out about job openings (including work experience, internships and community service)",Yes,Post your resume for employers to see,Yes,Learn new job skills,Yes,Prepare for a high school equivalency (HSE) exam,Yes,"Improve your reading, writing and math skills",Yes,Improve your English skills (ESL),Yes,Learn about the world of business,Yes,Improve your current job skills,Yes,Get information about schools and training programs,Yes,Get help finding child care,Yes,Get help with living expenses while in training,Yes,Learn about financial aid for training,Yes,Get information about employers in your local area,Yes,Learn about what employers expect of their workers,Yes,Assess your career interests,Yes,Learn about jobs and careers suitable for you,Yes,Learn about jobs in demand and rates of pay,Yes,Assess your reading and math skills,Yes,Get help in finding a summer job,Yes,Find out about summer learning opportunities,Yes,Learn about EEO and ADA requirements,Yes,"Get information on employment, wage and salary trends",Yes,Receive information on the Work Opportunity Tax Credit and other hiring incentives,Yes,Get your employee training needs analyzed,Yes,Get outplacement services for employees you are laying off,Yes,Learn about legal requirements for hiring and firing workers,Yes,Learn about Unemployment Insurance taxes and eligibility rules,Yes,Post your job openings,Yes,Get access to resumes posted by job applicants,Yes,Get training costs reimbursed for qualified job candidates,Yes,Develop programs to train new workers for your business,Yes,Get help in analyzing and writing job descriptions,Yes,Learn how to interview job applicants effectively,Yes,Learn about strategies for recruiting workers,Yes,Have background checks conducted on job applicants,Yes,Have job applicants` skills tested,Yes,Use on-site facilities for recruiting and interviewing job applicants,Yes,Get job applicants pre-screened,Yes
MD,Center_Name,Susquehanna Workforce Center Havre de Grace @ Swan Creek,Website,https://www.swnetwork.org/jobseeker/,Google_Maps_Link,"https://www.google.com/maps/dir//2021+D+Pulaski+Highway,Havre+de+Grace,MD+21001",Address,"2021 D Pulaski Highway
Havre de Grace, MD 21001",Phone,410-272-5400,E-mail Address,chenry@swnetwork.org,Type of Office,Comprehensive One-Stop Career Centers,Office Level,Federal,Veterans Employment Representative,Yes,Veterans Representative #1 Phone,Call for an Appointment<br>,Business Representative Name,"Bruce England, Executive Director",Business Representative Email,bengland@SWNetwork.org,Business Representative Phone,"410-939-4240, 410-642-6384, 410-575-7248",UI Filing Assistance Online Available,Yes,UI Filing Assistance from Staff Available,Yes,Career Resource Room,Yes,Telephones,Yes,Fax Machines,Yes,Copy Machine,Yes,On-site Childcare,Yes,Internet Access,Yes,Video Viewing Stations,Yes,Rooms where employers can interview job seekers,Yes,Personal Computers,Yes,Find out how to get a work permit,Yes,Learn about strategies for finding a job,Yes,Get help in preparing for job interviews,Yes,Get help preparing your resume,Yes,"Find out about job openings (including work experience, internships and community service)",Yes,Post your resume for employers to see,Yes,Learn new job skills,Yes,Prepare for a high school equivalency (HSE) exam,Yes,"Improve your reading, writing and math skills",Yes,Improve your English skills (ESL),Yes,Learn about the world of business,Yes,Improve your current job skills,Yes,Get information about schools and training programs,Yes,Get help finding child care,Yes,Get help with living expenses while in training,Yes,Learn about financial aid for training,Yes,Get information about employers in your local area,Yes,Learn about what employers expect of their workers,Yes,Assess your career interests,Yes,Learn about jobs and careers suitable for you,Yes,Learn about jobs in demand and rates of pay,Yes,Assess your reading and math skills,Yes,Get help in finding a summer job,Yes,Find out about summer learning opportunities,Yes,Learn about EEO and ADA requirements,Yes,"Get information on employment, wage and salary trends",Yes,Receive information on the Work Opportunity Tax Credit and other hiring incentives,Yes,Get your employee training needs analyzed,Yes,Get outplacement services for employees you are laying off,No,Learn about legal requirements for hiring and firing workers,Yes,Learn about Unemployment Insurance taxes and eligibility rules,Yes,Post your job openings,Yes,Get access to resumes posted by job applicants,Yes,Get training costs reimbursed for qualified job candidates,Yes,Develop programs to train new workers for your business,Yes,Get help in analyzing and writing job descriptions,Yes,Learn how to interview job applicants effectively,Yes,Learn about strategies for recruiting workers,Yes,Have background checks conducted on job applicants,Yes,Have job applicants` skills tested,Yes,Use on-site facilities for recruiting and interviewing job applicants,Yes,Get job applicants pre-screened,Yes
MD,Center_Name,Career Center at Hunt Valley,Website,https://www.baltimorecountymd.gov/departments/economicdev/job-seekers/index.html,Google_Maps_Link,"https://www.google.com/maps/dir//11101+McCormick+Road,Hunt+Valley,MD+21031",Address,"11101 McCormick Road
Suite 102
Hunt Valley, MD 21031",Phone,410-887-7940,E-mail Address,huntvwdc@baltimorecountymd.gov,Type of Office,Comprehensive One-Stop Career Centers,Office Level,Local,Veterans Employment Representative,Yes,Veterans Representative #1 Phone,410-887-4007,Veterans Rep. #1 E-mail Address,howard.mitchell@maryland.gov,Business Representative Name,Lauren Coleman,Business Representative Email,lcoleman@baltimorecountymd.gov,Business Representative Phone,410-887-7944,Parking Availability,Free,Public Transit Access,Mass Transit,UI Filing Assistance Online Available,Yes,UI Filing Assistance from Staff Available,No,Career Resource Room,Yes,Telephones,Yes,Fax Machines,Yes,Copy Machine,Yes,On-site Childcare,No,Internet Access,Yes,Video Viewing Stations,Yes,Rooms where employers can interview job seekers,Yes,Personal Computers,Yes,Find out how to get a work permit,Yes,Learn about strategies for finding a job,Yes,Get help in preparing for job interviews,Yes,Get help preparing your resume,Yes,"Find out about job openings (including work experience, internships and community service)",Yes,Post your resume for employers to see,Yes,Learn new job skills,Yes,Prepare for a high school equivalency (HSE) exam,Yes,"Improve your reading, writing and math skills",Yes,Improve your English skills (ESL),Yes,Learn about the world of business,No,Improve your current job skills,Yes,Get information about schools and training programs,Yes,Get help finding child care,No,Get help with living expenses while in training,Yes,Learn about financial aid for training,No,Get information about employers in your local area,Yes,Learn about what employers expect of their workers,Yes,Assess your career interests,Yes,Learn about jobs and careers suitable for you,Yes,Learn about jobs in demand and rates of pay,Yes,Assess your reading and math skills,Yes,Get help in finding a summer job,Yes,Find out about summer learning opportunities,Yes,Learn about EEO and ADA requirements,Yes,"Get information on employment, wage and salary trends",Yes,Receive information on the Work Opportunity Tax Credit and other hiring incentives,Yes,Get your employee training needs analyzed,Yes,Get outplacement services for employees you are laying off,Yes,Learn about legal requirements for hiring and firing workers,No,Learn about Unemployment Insurance taxes and eligibility rules,Yes,Post your job openings,Yes,Get access to resumes posted by job applicants,Yes,Get training costs reimbursed for qualified job candidates,Yes,Develop programs to train new workers for your business,Yes,Get help in analyzing and writing job descriptions,Yes,Learn how to interview job applicants effectively,No,Learn about strategies for recruiting workers,Yes,Have background checks conducted on job applicants,No,Have job applicants` skills tested,Yes,Use on-site facilities for recruiting and interviewing job applicants,Yes,Get job applicants pre-screened,Yes
MD,Center_Name,Prince George,Website,http://www.dllr.state.md.us/county/pg/,Google_Maps_Link,"https://www.google.com/maps/dir//1801+McCormick+Drive,Largo,MD+20774",Address,"1801 McCormick Drive
Suite 120
Largo, MD 20774",Phone,301-618-8425,E-mail Address,largo@dllr.state.md.us,Type of Office,Comprehensive One-Stop Career Centers,Office Level,Local,Veterans Employment Representative,Yes,Veterans Representative #1 Phone,301-618-8447,Veterans Rep. #1 E-mail Address,cordia.mcarthur@maryland.gov,Business Representative Name,Jeffrey Swilley,Business Representative Email,jeffrey.swilley@maryland.gov,Business Representative Phone,301-618-8402,Parking Availability,limited,Public Transit Access,limited,UI Filing Assistance Online Available,Yes,UI Filing Assistance from Staff Available,Yes,Career Resource Room,No,Telephones,Yes,Fax Machines,Yes,Copy Machine,Yes,On-site Childcare,No,Internet Access,Yes,Video Viewing Stations,No,Rooms where employers can interview job seekers,No,Personal Computers,Yes,Find out how to get a work permit,Yes,Learn about strategies for finding a job,Yes,Get help in preparing for job interviews,Yes,Get help preparing your resume,Yes,"Find out about job openings (including work experience, internships and community service)",Yes,Post your resume for employers to see,Yes,Learn new job skills,Yes,Prepare for a high school equivalency (HSE) exam,Yes,"Improve your reading, writing and math skills",Yes,Improve your English skills (ESL),Yes,Learn about the world of business,Yes,Improve your current job skills,Yes,Get information about schools and training programs,Yes,Get help finding child care,No,Get help with living expenses while in training,No,Learn about financial aid for training,No,Get information about employers in your local area,No,Learn about what employers expect of their workers,No,Assess your career interests,No,Learn about jobs and careers suitable for you,No,Learn about jobs in demand and rates of pay,No,Assess your reading and math skills,No,Get help in finding a summer job,No,Find out about summer learning opportunities,No,Learn about EEO and ADA requirements,No,"Get information on employment, wage and salary trends",No,Receive information on the Work Opportunity Tax Credit and other hiring incentives,No,Get your employee training needs analyzed,No,Get outplacement services for employees you are laying off,No,Learn about legal requirements for hiring and firing workers,No,Learn about Unemployment Insurance taxes and eligibility rules,No,Post your job openings,Yes,Get access to resumes posted by job applicants,Yes,Get training costs reimbursed for qualified job candidates,No,Develop programs to train new workers for your business,No,Get help in analyzing and writing job descriptions,No,Learn how to interview job applicants effectively,No,Learn about strategies for recruiting workers,No,Have background checks conducted on job applicants,No,Have job applicants` skills tested,No,Use on-site facilities for recruiting and interviewing job applicants,No,Get job applicants pre-screened,Yes
MD,Center_Name,Southern Maryland Job Source,Website,http://www.dllr.state.md.us/county/stmarys/,Google_Maps_Link,"https://www.google.com/maps/dir//21795-F+N.+Shangri-La+Drive,Lexington+Park,MD+20653",Address,"21795-F N. Shangri-La Drive
Lexington Park, MD 20653",Phone,301-844-6404,E-mail Address,stmarysajc@tccsmd.org,Type of Office,Affiliate One Stops,Office Level,Local,Veterans Employment Representative,Yes,Veterans Representative #1 Phone,301-374-1144,Veterans Rep. #1 E-mail Address,george.hawley@maryland.gov,Veterans Representative #2 Phone,301-857-0037,Veterans Rep. #2 E-mail Address,mitchell.domm@maryland.gov,Business Representative Name,Barbara DeHenzel,Business Representative Email,bdehenzel@tccsmd.org,Business Representative Phone,301-857-0037,Parking Availability,Free,Public Transit Access,Limited,UI Filing Assistance Online Available,Yes,UI Filing Assistance from Staff Available,No,Telephones,Yes,Fax Machines,Yes,On-site Childcare,No,Video Viewing Stations,Yes,Rooms where employers can interview job seekers,Yes,Career Resource Room,Yes,Copy Machine,Yes,Personal Computers,Yes,Internet Access,Yes,Post your resume for employers to see,Yes,Get help in preparing for job interviews,Yes,Learn about strategies for finding a job,Yes,Find out how to get a work permit,Yes,"Find out about job openings (including work experience, internships and community service)",Yes,Get help preparing your resume,Yes,Improve your current job skills,Yes,Learn about the world of business,Yes,Learn new job skills,Yes,Improve your English skills (ESL),Yes,"Improve your reading, writing and math skills",Yes,Get information about schools and training programs,Yes,Prepare for a high school equivalency (HSE) exam,Yes,Learn about financial aid for training,Yes,Get help finding child care,No,Get help with living expenses while in training,No,Get information about employers in your local area,Yes,Assess your reading and math skills,Yes,Learn about jobs and careers suitable for you,Yes,Learn about what employers expect of their workers,Yes,Assess your career interests and skills,Yes,Learn about jobs in demand and rates of pay,Yes,Find out about summer learning opportunities,Yes,Get help in finding a summer job,Yes,Get outplacement services for employees you are laying off,Yes,"Get information on employment, wage and salary trends",Yes,Receive information on the Work Opportunity Tax Credit and other hiring incentives,Yes,Learn about legal requirements for hiring and firing workers,Yes,Learn about EEO and ADA requirements,Yes,Get your employee training needs analyzed,Yes,Learn about Unemployment Insurance taxes and eligibility rules,Yes,Get training costs reimbursed for qualified job candidates,Yes,Develop programs to train new workers for your business,Yes,Get help in analyzing and writing job descriptions,Yes,Learn how to interview job applicants effectively,Yes,Learn about strategies for recruiting workers,Yes,Have job applicants` skills tested,Yes,Get job applicants pre-screened,Yes,Get access to resumes posted by job applicants,Yes,Post your job openings,Yes,Have background checks conducted on job applicants,No,Use on-site facilities for recruiting and interviewing job applicants,Yes
MD,Center_Name,Anne Arundel County Career Center,Website,https://www.dllr.state.md.us/county/anne/,Google_Maps_Link,"https://www.google.com/maps/dir//613+Global+Way,Linthicum+Heights,MD+21090",Address,"613 Global Way
Linthicum Heights, MD 21090",Phone,410-424-3240,E-mail Address,jacquelyn.bauer@maryland.gov,Type of Office,Affiliate One Stops,Office Level,Local,Veterans Employment Representative,Yes,Veterans Representative #1 Phone,"410-424-3240, Ext. 208",Veterans Rep. #1 E-mail Address,mark.pindell@maryland.gov,Veterans Representative #2 Phone,"410-424-3240, Ext. 207",Veterans Rep. #2 E-mail Address,norman.smith@maryland.gov,Parking Availability,,Public Transit Access,,UI Filing Assistance Online Available,Yes,UI Filing Assistance from Staff Available,Yes,Telephones,Yes,Fax Machines,Yes,On-site Childcare,No,Video Viewing Stations,No,Rooms where employers can interview job seekers,Yes,Career Resource Room,Yes,Copy Machine,Yes,Personal Computers,Yes,Internet Access,Yes,Post your resume for employers to see,Yes,Get help in preparing for job interviews,Yes,Learn about strategies for finding a job,Yes,Find out how to get a work permit,Yes,"Find out about job openings (including work experience, internships and community service)",Yes,Get help preparing your resume,Yes,Improve your current job skills,Yes,Learn about the world of business,No,Learn new job skills,Yes,Improve your English skills (ESL),Yes,"Improve your reading, writing and math skills",Yes,Get information about schools and training programs,Yes,Prepare for a high school equivalency (HSE) exam,Yes,Learn about financial aid for training,Yes,Get help finding child care,Yes,Get help with living expenses while in training,Yes,Get information about employers in your local area,No,Assess your reading and math skills,No,Learn about jobs and careers suitable for you,No,Learn about what employers expect of their workers,No,Assess your career interests and skills,No,Learn about jobs in demand and rates of pay,No,Find out about summer learning opportunities,Yes,Get help in finding a summer job,Yes,Get outplacement services for employees you are laying off,Yes,"Get information on employment, wage and salary trends",Yes,Receive information on the Work Opportunity Tax Credit and other hiring incentives,No,Learn about legal requirements for hiring and firing workers,No,Learn about EEO and ADA requirements,No,Get your employee training needs analyzed,No,Learn about Unemployment Insurance taxes and eligibility rules,No,Get training costs reimbursed for qualified job candidates,Yes,Develop programs to train new workers for your business,No,Get help in analyzing and writing job descriptions,Yes,Learn how to interview job applicants effectively,No,Learn about strategies for recruiting workers,Yes,Have job applicants` skills tested,Yes,Get job applicants pre-screened,Yes,Get access to resumes posted by job applicants,Yes,Post your job openings,Yes,Have background checks conducted on job applicants,No,Use on-site facilities for recruiting and interviewing job applicants,Yes
MD,Center_Name,Liberty Career Center,Website,https://www.baltimorecountymd.gov/departments/economicdev/job-seekers/index.html,Google_Maps_Link,"https://www.google.com/maps/dir//3637+Offutt+Road,Randallstown,MD+21133",Address,"3637 Offutt Road
Randallstown, MD 21133",Phone,410-887-8912,E-mail Address,lcwdrc@baltimorecountymd.gov,Type of Office,Comprehensive One-Stop Career Centers,Office Level,Local,Veterans Employment Representative,Yes,Veterans Representative #1 Phone,410-887-4007,Veterans Rep. #1 E-mail Address,Howard.Mitchell@Maryland.gov,Business Representative Name,Leighton McPhaull,Business Representative Email,lmcphaull@baltimorecountymd.gov,Business Representative Phone,410-887-0380,UI Filing Assistance Online Available,No,UI Filing Assistance from Staff Available,No,Career Resource Room,Yes,Telephones,Yes,Fax Machines,Yes,Copy Machine,Yes,On-site Childcare,No,Internet Access,Yes,Video Viewing Stations,Yes,Rooms where employers can interview job seekers,Yes,Personal Computers,Yes,Find out how to get a work permit,Yes,Learn about strategies for finding a job,Yes,Get help in preparing for job interviews,Yes,Get help preparing your resume,Yes,"Find out about job openings (including work experience, internships and community service)",Yes,Post your resume for employers to see,Yes,Learn new job skills,Yes,Prepare for a high school equivalency (HSE) exam,Yes,"Improve your reading, writing and math skills",Yes,Improve your English skills (ESL),Yes,Learn about the world of business,No,Improve your current job skills,Yes,Get information about schools and training programs,Yes,Get help finding child care,Yes,Get help with living expenses while in training,Yes,Learn about financial aid for training,No,Get information about employers in your local area,Yes,Learn about what employers expect of their workers,Yes,Assess your career interests,Yes,Learn about jobs and careers suitable for you,Yes,Learn about jobs in demand and rates of pay,Yes,Assess your reading and math skills,Yes,Get help in finding a summer job,Yes,Find out about summer learning opportunities,Yes,Learn about EEO and ADA requirements,Yes,"Get information on employment, wage and salary trends",Yes,Receive information on the Work Opportunity Tax Credit and other hiring incentives,Yes,Get your employee training needs analyzed,Yes,Get outplacement services for employees you are laying off,Yes,Learn about legal requirements for hiring and firing workers,No,Learn about Unemployment Insurance taxes and eligibility rules,Yes,Post your job openings,Yes,Get access to resumes posted by job applicants,Yes,Get training costs reimbursed for qualified job candidates,Yes,Develop programs to train new workers for your business,Yes,Get help in analyzing and writing job descriptions,Yes,Learn how to interview job applicants effectively,No,Learn about strategies for recruiting workers,Yes,Have background checks conducted on job applicants,Yes,Have job applicants` skills tested,Yes,Use on-site facilities for recruiting and interviewing job applicants,Yes,Get job applicants pre-screened,Yes
MD,Center_Name,Lower Shore American Job Center,Website,https://www.lowershoreajc.org/,Google_Maps_Link,"https://www.google.com/maps/dir//31901+Tricounty+Way,Salisbury,MD+21804",Address,"31901 Tricounty Way
Suite 111
Salisbury, MD 21804",Phone,410-341-8533,E-mail Address,salisbury@dllr.state.md.us,Type of Office,Comprehensive One-Stop Career Centers,Office Level,Local,Veterans Employment Representative,Yes,Veterans Representative #1 Phone,410-341-8533,Veterans Rep. #1 E-mail Address,john.walker@maryland.gov,Business Representative Name,Jorge DeJesus Jr.,Business Representative Email,jorge.dejesusjr@maryland.gov,Business Representative Phone,410-546-6811,Parking Availability,Free,Public Transit Access,,Language  Capability,English and Spanish speaking staff  are available on site. Translation services  available for other languages.,UI Filing Assistance Online Available,Yes,UI Filing Assistance from Staff Available,Yes,Career Resource Room,Yes,Telephones,Yes,Fax Machines,Yes,Copy Machine,Yes,On-site Childcare,Yes,Internet Access,Yes,Video Viewing Stations,Yes,Rooms where employers can interview job seekers,Yes,Personal Computers,Yes,Find out how to get a work permit,Yes,Learn about strategies for finding a job,Yes,Get help in preparing for job interviews,Yes,Get help preparing your resume,Yes,"Find out about job openings (including work experience, internships and community service)",Yes,Post your resume for employers to see,Yes,Learn new job skills,Yes,Prepare for a high school equivalency (HSE) exam,Yes,"Improve your reading, writing and math skills",Yes,Improve your English skills (ESL),Yes,Learn about the world of business,Yes,Improve your current job skills,Yes,Get information about schools and training programs,Yes,Get help finding child care,Yes,Get help with living expenses while in training,Yes,Learn about financial aid for training,Yes,Get information about employers in your local area,Yes,Learn about what employers expect of their workers,Yes,Assess your career interests,Yes,Learn about jobs and careers suitable for you,Yes,Learn about jobs in demand and rates of pay,Yes,Assess your reading and math skills,Yes,Get help in finding a summer job,Yes,Find out about summer learning opportunities,Yes,Learn about EEO and ADA requirements,Yes,"Get information on employment, wage and salary trends",Yes,Receive information on the Work Opportunity Tax Credit and other hiring incentives,Yes,Get your employee training needs analyzed,Yes,Get outplacement services for employees you are laying off,Yes,Learn about legal requirements for hiring and firing workers,Yes,Learn about Unemployment Insurance taxes and eligibility rules,Yes,Post your job openings,Yes,Get access to resumes posted by job applicants,Yes,Get training costs reimbursed for qualified job candidates,Yes,Develop programs to train new workers for your business,Yes,Get help in analyzing and writing job descriptions,Yes,Learn how to interview job applicants effectively,Yes,Learn about strategies for recruiting workers,Yes,Have background checks conducted on job applicants,No,Have job applicants` skills tested,Yes,Use on-site facilities for recruiting and interviewing job applicants,Yes,Get job applicants pre-screened,Yes
MD,Center_Name,,Website,http://www.dllr.state.md.us/county/calvert/,Google_Maps_Link,"https://www.google.com/maps/dir//175+Post+Office+Road,Waldorf,MD+20602",Address,"175 Post Office Road
Waldorf, MD 20602",Phone,301-645-8712,E-mail Address,charlescjs@dllr.state.md.us,Type of Office,Comprehensive One-Stop Career Centers,Office Level,Local,Veterans Employment Representative,Yes,Veterans Representative #1 Phone,301-374-1153,Veterans Rep. #1 E-mail Address,george.hawley@maryland.gov,Veterans Representative #2 Phone,301-374-1143/301-374-1179,Veterans Rep. #2 E-mail Address,raymond.newby@maryland.gov/shirley.garner@maryland.gov,Business Representative Name,Laura Wright,Business Representative Email,lauraf.wright@maryland.gov,Business Representative Phone,301-374-1176,Parking Availability,Free,Public Transit Access,Limited,Language  Capability,English,UI Filing Assistance Online Available,Yes,UI Filing Assistance from Staff Available,Yes,Career Resource Room,Yes,Telephones,Yes,Fax Machines,Yes,Copy Machine,Yes,On-site Childcare,No,Internet Access,Yes,Video Viewing Stations,Yes,Rooms where employers can interview job seekers,Yes,Personal Computers,Yes,Find out how to get a work permit,No,Learn about strategies for finding a job,Yes,Get help in preparing for job interviews,Yes,Get help preparing your resume,Yes,"Find out about job openings (including work experience, internships and community service)",Yes,Post your resume for employers to see,Yes,Learn new job skills,Yes,Prepare for a high school equivalency (HSE) exam,Yes,"Improve your reading, writing and math skills",Yes,Improve your English skills (ESL),Yes,Learn about the world of business,Yes,Improve your current job skills,Yes,Get information about schools and training programs,No,Get help finding child care,Yes,Get help with living expenses while in training,No,Learn about financial aid for training,Yes,Get information about employers in your local area,Yes,Learn about what employers expect of their workers,Yes,Assess your career interests,Yes,Learn about jobs and careers suitable for you,Yes,Learn about jobs in demand and rates of pay,Yes,Assess your reading and math skills,Yes,Get help in finding a summer job,No,Find out about summer learning opportunities,Yes,Learn about EEO and ADA requirements,Yes,"Get information on employment, wage and salary trends",Yes,Receive information on the Work Opportunity Tax Credit and other hiring incentives,Yes,Get your employee training needs analyzed,Yes,Get outplacement services for employees you are laying off,No,Learn about legal requirements for hiring and firing workers,Yes,Learn about Unemployment Insurance taxes and eligibility rules,Yes,Post your job openings,Yes,Get access to resumes posted by job applicants,Yes,Get training costs reimbursed for qualified job candidates,Yes,Develop programs to train new workers for your business,Yes,Get help in analyzing and writing job descriptions,No,Learn how to interview job applicants effectively,No,Learn about strategies for recruiting workers,No,Have background checks conducted on job applicants,No,Have job applicants` skills tested,No,Use on-site facilities for recruiting and interviewing job applicants,Yes,Get job applicants pre-screened,Yes
MD,Center_Name,,Website,,Google_Maps_Link,"https://www.google.com/maps/dir//224+North+Center+Street,Westminster,MD+21157",Address,,Phone,410-386-2820,E-mail Address,info@carrollworks.com,Type of Office,Comprehensive One-Stop Career Centers,Office Level,Local,Veterans Employment Representative,Yes,Veterans Representative #1 Phone,410-386-2820,Veterans Rep. #1 E-mail Address,john.veney@maryland.gov,Veterans Representative #2 Phone,410-887-0377,Veterans Rep. #2 E-mail Address,roslyn.jones@maryland.gov,Business Representative Name,Scott Singleton,Business Representative Email,ssingleton@carrollcountymd.gov,Business Representative Phone,410-386-2820,Parking Availability,Free,Public Transit Access,Limited,UI Filing Assistance Online Available,Yes,UI Filing Assistance from Staff Available,Yes,Career Resource Room,Yes,Telephones,Yes,Fax Machines,Yes,Copy Machine,Yes,On-site Childcare,No,Internet Access,Yes,Video Viewing Stations,Yes,Rooms where employers can interview job seekers,Yes,Personal Computers,Yes,Find out how to get a work permit,Yes,Learn about strategies for finding a job,No,Get help in preparing for job interviews,No,Get help preparing your resume,No,"Find out about job openings (including work experience, internships and community service)",Yes,Post your resume for employers to see,No,Learn new job skills,Yes,Prepare for a high school equivalency (HSE) exam,Yes,"Improve your reading, writing and math skills",Yes,Improve your English skills (ESL),Yes,Learn about the world of business,No,Improve your current job skills,Yes,Get information about schools and training programs,Yes,Get help finding child care,No,Get help with living expenses while in training,No,Learn about financial aid for training,No,Get information about employers in your local area,Yes,Learn about what employers expect of their workers,Yes,Assess your career interests,Yes,Learn about jobs and careers suitable for you,Yes,Learn about jobs in demand and rates of pay,Yes,Assess your reading and math skills,Yes,Get help in finding a summer job,Yes,Find out about summer learning opportunities,Yes,Learn about EEO and ADA requirements,No,"Get information on employment, wage and salary trends",No,Receive information on the Work Opportunity Tax Credit and other hiring incentives,No,Get your employee training needs analyzed,No,Get outplacement services for employees you are laying off,No,Learn about legal requirements for hiring and firing workers,No,Learn about Unemployment Insurance taxes and eligibility rules,No,Post your job openings,Yes,Get access to resumes posted by job applicants,Yes,Get training costs reimbursed for qualified job candidates,Yes,Develop programs to train new workers for your business,Yes,Get help in analyzing and writing job descriptions,No,Learn how to interview job applicants effectively,No,Learn about strategies for recruiting workers,No,Have background checks conducted on job applicants,No,Have job applicants` skills tested,Yes,Use on-site facilities for recruiting and interviewing job applicants,Yes,Get job applicants pre-screened,Yes
MD,Center_Name,WorkSource Montgomery American Job Center,Website,https://worksourcemontgomery.com/career-support/what-we-offer/,Google_Maps_Link,"https://www.google.com/maps/dir//11510+Georgia+Ave,Wheaton,MD+20902",Address,"11510 Georgia Ave
Suite 300
Wheaton, MD 20902",Phone,301-929-6880,Type of Office,Comprehensive One-Stop Career Centers,Office Level,Local,Veterans Employment Representative,Yes,Veterans Representative #1 Phone,240-283-1525,Veterans Rep. #1 E-mail Address,anthony.butlersr@maryland.gov,Business Representative Name,Cynthia Grissom,Business Representative Email,cgrissom@worksourcemontgomery.com,Business Representative Phone,240-641-6736,Parking Availability,,Public Transit Access,,UI Filing Assistance Online Available,Yes,UI Filing Assistance from Staff Available,Yes,Career Resource Room,Yes,Telephones,Yes,Fax Machines,Yes,Copy Machine,Yes,On-site Childcare,No,Internet Access,Yes,Video Viewing Stations,Yes,Rooms where employers can interview job seekers,Yes,Personal Computers,Yes,Find out how to get a work permit,Yes,Learn about strategies for finding a job,No,Get help in preparing for job interviews,No,Get help preparing your resume,No,"Find out about job openings (including work experience, internships and community service)",Yes,Post your resume for employers to see,No,Learn new job skills,Yes,Prepare for a high school equivalency (HSE) exam,Yes,"Improve your reading, writing and math skills",Yes,Improve your English skills (ESL),Yes,Learn about the world of business,No,Improve your current job skills,Yes,Get information about schools and training programs,Yes,Get help finding child care,No,Get help with living expenses while in training,No,Learn about financial aid for training,No,Get information about employers in your local area,Yes,Learn about what employers expect of their workers,Yes,Assess your career interests,Yes,Learn about jobs and careers suitable for you,Yes,Learn about jobs in demand and rates of pay,Yes,Assess your reading and math skills,Yes,Get help in finding a summer job,Yes,Find out about summer learning opportunities,Yes,Learn about EEO and ADA requirements,No,"Get information on employment, wage and salary trends",No,Receive information on the Work Opportunity Tax Credit and other hiring incentives,No,Get your employee training needs analyzed,No,Get outplacement services for employees you are laying off,No,Learn about legal requirements for hiring and firing workers,No,Learn about Unemployment Insurance taxes and eligibility rules,No,Post your job openings,Yes,Get access to resumes posted by job applicants,Yes,Get training costs reimbursed for qualified job candidates,Yes,Develop programs to train new workers for your business,Yes,Get help in analyzing and writing job descriptions,No,Learn how to interview job applicants effectively,No,Learn about strategies for recruiting workers,No,Have background checks conducted on job applicants,No,Have job applicants` skills tested,Yes,Use on-site facilities for recruiting and interviewing job applicants,Yes,Get job applicants pre-screened,Yes
